loja,data,bazar,mercearia,perecivel,bebidas,horti,perfumaria,limpeza
Loja A,2025-01-01,47.87,29.89,27.65,27.65,92.99,57.33,22.62
Loja A,2025-01-02,49.4,39.98,4.32,13.42,42.12,87.3,27.84
Loja A,2025-01-03,21.16,36.28,20.11,26.35,32.99,12.8,59.4
Loja A,2025-01-04,10.7,9.46,38.68,56.27,37.96,30.44,26.15
Loja A,2025-01-05,22.8,68.76,42.42,24.35,18.73,51.75,67.67
Loja A,2025-01-06,63.62,16.02,25.97,22.43,28.77,59.02,82.05
Loja A,2025-01-07,43.57,19.3,32.42,92.25,35.63,26.19,27.98
Loja A,2025-01-08,43.43,16.51,21.98,63.0,42.56,35.9,65.12
Loja A,2025-01-09,18.29,25.57,41.58,40.54,8.52,23.61,29.34
Loja A,2025-01-10,44.89,40.44,31.45,4.28,32.65,34.91,145.96
Loja A,2025-01-11,28.61,41.74,72.4,56.76,84.26,8.66,13.74
Loja A,2025-01-12,20.75,7.19,35.14,14.78,91.5,16.92,25.69
Loja A,2025-01-13,59.06,10.58,6.67,38.33,40.5,57.87,48.71
Loja A,2025-01-14,41.6,18.68,39.7,41.49,18.08,108.44,47.13
Loja A,2025-01-15,13.97,58.07,64.91,45.17,27.39,17.41,31.38
Loja A,2025-01-16,42.94,33.67,86.71,52.24,15.74,12.62,47.41
Loja A,2025-01-17,27.89,55.38,47.11,31.49,15.9,7.52,39.17
Loja A,2025-01-18,10.41,15.32,37.46,34.86,11.67,69.85,68.62
Loja A,2025-01-19,48.48,48.44,48.48,64.53,53.14,17.1,27.58
Loja A,2025-01-20,135.93,4.63,22.57,70.1,18.07,54.14,34.52
Loja A,2025-01-21,19.18,3.62,38.38,16.77,30.46,48.15,61.06
Loja A,2025-01-22,22.51,19.15,10.23,63.09,123.63,67.73,77.91
Loja A,2025-01-23,18.2,46.16,57.6,13.26,95.74,8.36,86.11
Loja A,2025-01-24,8.31,13.87,46.75,35.17,24.34,93.34,10.5
Loja A,2025-01-25,29.57,50.95,41.13,19.7,20.31,60.43,62.37
Loja A,2025-01-26,41.91,16.18,20.86,32.8,36.46,49.55,28.38
Loja A,2025-01-27,59.51,59.06,79.68,33.88,42.42,30.08,16.36
Loja A,2025-01-28,121.8,73.07,58.24,33.02,15.12,65.38,29.68
Loja A,2025-01-29,45.17,20.79,40.07,21.88,22.59,39.69,8.18
Loja A,2025-01-30,8.6,18.01,28.12,60.74,29.37,32.86,26.42
Loja A,2025-01-31,42.38,16.21,30.6,44.82,39.46,33.66,33.97
Loja A,2025-02-01,47.92,125.56,17.19,127.87,16.52,3.07,21.52
Loja A,2025-02-02,42.96,109.03,15.1,47.72,9.54,106.51,74.0
Loja A,2025-02-03,22.63,81.93,30.46,76.6,33.47,34.56,23.01
Loja A,2025-02-04,52.14,36.54,48.46,7.34,78.4,91.57,36.41
Loja A,2025-02-05,119.87,102.3,52.93,82.63,68.81,5.42,26.85
Loja A,2025-02-06,55.5,95.55,8.89,5.86,31.92,3.38,31.08
Loja A,2025-02-07,43.72,14.48,31.74,64.58,21.43,16.77,30.65
Loja A,2025-02-08,13.11,114.15,34.25,18.33,39.17,30.52,27.95
Loja A,2025-02-09,21.43,20.57,7.52,82.55,50.55,42.03,30.14
Loja A,2025-02-10,14.25,17.37,8.45,19.27,12.48,98.63,61.67
Loja A,2025-02-11,35.37,15.67,13.08,28.66,63.42,8.69,50.08
Loja A,2025-02-12,19.2,22.27,34.6,16.15,27.54,14.96,20.55
Loja A,2025-02-13,56.89,35.96,56.74,18.98,50.34,6.5,34.59
Loja A,2025-02-14,52.69,6.21,19.18,34.57,66.65,20.55,48.97
Loja A,2025-02-15,86.13,50.56,28.36,43.86,20.04,35.62,29.47
Loja A,2025-02-16,42.83,23.79,44.59,23.6,61.26,25.6,3.54
Loja A,2025-02-17,13.49,33.81,98.06,59.66,2.63,7.88,72.44
Loja A,2025-02-18,52.49,133.05,22.82,15.85,35.22,22.46,67.94
Loja A,2025-02-19,21.82,26.84,13.91,56.95,14.74,45.19,109.07
Loja A,2025-02-20,5.27,88.8,41.1,11.9,36.24,55.8,16.81
Loja A,2025-02-21,47.05,93.71,21.8,13.75,30.19,34.79,70.32
Loja A,2025-02-22,29.42,23.48,13.44,6.26,9.89,9.83,27.07
Loja A,2025-02-23,7.64,31.95,107.49,71.7,26.86,153.7,34.89
Loja A,2025-02-24,38.71,29.74,32.49,21.18,27.17,89.2,76.97
Loja A,2025-02-25,3.34,8.6,17.01,63.8,78.12,55.65,11.85
Loja A,2025-02-26,21.54,47.63,27.51,24.56,24.85,73.12,51.11
Loja A,2025-02-27,25.96,42.48,10.34,21.58,68.42,7.13,51.56
Loja A,2025-02-28,3.3,99.12,21.15,44.74,36.37,37.37,41.93
Loja A,2025-03-01,5.8,37.94,28.8,21.25,17.01,38.65,13.92
Loja A,2025-03-02,67.59,47.09,40.39,65.69,4.81,10.01,48.57
Loja A,2025-03-03,17.89,19.91,8.61,13.95,68.61,47.76,38.34
Loja A,2025-03-04,20.57,36.58,72.68,18.27,32.44,103.15,55.15
Loja A,2025-03-05,20.82,52.1,7.01,31.45,52.06,44.15,51.71
Loja A,2025-03-06,59.83,46.65,45.7,38.99,12.49,68.59,32.32
Loja A,2025-03-07,54.21,63.9,21.71,23.33,25.97,77.41,15.16
Loja A,2025-03-08,86.39,38.67,40.71,61.98,35.5,69.11,21.68
Loja A,2025-03-09,84.57,23.1,86.7,23.62,26.57,13.55,17.18
Loja A,2025-03-10,32.45,39.75,65.75,28.11,44.21,37.82,47.73
Loja A,2025-03-11,19.43,21.42,19.44,74.42,85.11,20.66,21.01
Loja A,2025-03-12,52.49,91.38,104.53,19.88,24.29,41.27,42.74
Loja A,2025-03-13,28.97,16.68,32.49,104.45,21.68,39.45,150.41
Loja A,2025-03-14,21.42,54.22,107.36,51.03,70.94,59.32,48.22
Loja A,2025-03-15,83.27,53.05,29.2,37.27,43.79,24.17,38.51
Loja A,2025-03-16,34.55,52.93,126.19,40.2,92.9,51.62,38.39
Loja A,2025-03-17,23.08,38.6,36.89,18.33,20.88,44.05,92.3
Loja A,2025-03-18,31.66,8.18,13.31,55.17,10.0,61.32,53.1
Loja A,2025-03-19,30.84,18.47,27.48,43.27,10.34,86.23,42.99
Loja A,2025-03-20,46.57,52.83,80.78,38.67,55.2,18.74,104.81
Loja A,2025-03-21,36.75,18.66,23.09,4.48,22.97,1.75,58.02
Loja A,2025-03-22,45.57,14.08,32.12,33.24,11.48,27.95,34.03
Loja A,2025-03-23,27.35,18.64,13.58,26.59,20.65,50.41,84.09
Loja A,2025-03-24,63.36,34.9,19.26,62.2,52.57,80.23,38.7
Loja A,2025-03-25,101.25,38.71,19.18,22.34,48.74,20.61,100.79
Loja A,2025-03-26,45.92,34.32,36.53,27.12,6.15,22.35,92.73
Loja A,2025-03-27,39.47,68.34,69.66,32.35,53.17,6.95,87.84
Loja A,2025-03-28,83.17,47.79,40.53,32.68,73.71,57.49,24.82
Loja A,2025-03-29,11.98,9.83,73.19,32.14,47.23,35.36,9.97
Loja A,2025-03-30,7.13,23.46,25.12,25.1,25.7,120.85,67.64
Loja A,2025-03-31,39.89,31.52,32.38,56.05,31.29,63.03,43.1
Loja A,2025-04-01,121.56,29.86,70.91,13.05,19.68,111.2,61.22
Loja A,2025-04-02,47.84,141.86,31.87,70.8,74.34,95.8,11.63
Loja A,2025-04-03,31.7,42.56,94.77,46.47,74.44,10.62,26.23
Loja A,2025-04-04,82.96,29.06,33.74,93.78,15.9,19.41,9.51
Loja A,2025-04-05,96.24,66.8,65.65,25.63,8.79,6.34,83.37
Loja A,2025-04-06,50.12,57.02,41.13,17.41,26.6,13.77,12.19
Loja A,2025-04-07,63.11,7.0,13.86,27.86,36.13,9.39,46.05
Loja A,2025-04-08,39.46,82.42,36.59,49.42,18.29,18.98,10.43
Loja A,2025-04-09,18.45,26.28,77.04,16.08,125.06,52.52,45.2
Loja A,2025-04-10,34.48,29.68,20.91,9.0,16.59,96.09,50.29
Loja A,2025-04-11,95.53,20.46,13.4,34.22,17.14,39.74,7.14
Loja A,2025-04-12,3.81,43.95,97.85,45.37,49.93,35.33,37.9
Loja A,2025-04-13,8.53,17.72,76.52,25.81,75.49,37.13,38.54
Loja A,2025-04-14,25.97,55.16,64.64,16.88,9.42,4.85,48.25
Loja A,2025-04-15,44.41,148.03,35.49,30.84,40.73,42.35,29.02
Loja A,2025-04-16,17.38,34.07,33.1,32.69,59.22,33.6,9.64
Loja A,2025-04-17,19.94,28.74,34.82,48.97,35.03,3.92,10.84
Loja A,2025-04-18,51.35,28.12,37.32,25.37,19.87,26.12,37.65
Loja A,2025-04-19,33.41,64.35,7.81,9.03,27.86,49.36,57.03
Loja A,2025-04-20,20.55,1.21,21.13,44.51,32.94,50.64,74.76
Loja A,2025-04-21,29.41,23.15,15.31,8.98,6.62,18.87,68.04
Loja A,2025-04-22,54.08,22.26,125.82,20.01,79.51,92.09,46.68
Loja A,2025-04-23,18.72,24.76,38.33,9.25,14.01,12.95,49.2
Loja A,2025-04-24,74.28,55.56,66.23,17.36,25.68,27.27,46.54
Loja A,2025-04-25,19.33,63.49,90.42,48.24,24.77,16.02,12.98
Loja A,2025-04-26,3.98,27.94,26.68,60.85,20.43,29.2,41.17
Loja A,2025-04-27,47.69,56.14,38.23,9.81,44.75,19.19,76.62
Loja A,2025-04-28,33.89,39.94,155.74,56.81,44.18,29.88,10.66
Loja A,2025-04-29,28.22,15.84,97.71,44.6,74.76,19.94,16.9
Loja A,2025-04-30,53.03,15.27,23.27,100.76,24.04,8.49,5.41
Loja A,2025-05-01,7.42,77.72,21.02,152.62,91.11,116.59,67.38
Loja A,2025-05-02,51.09,16.36,33.25,54.74,64.58,11.69,28.58
Loja A,2025-05-03,31.24,30.29,13.27,107.78,27.82,14.19,109.51
Loja A,2025-05-04,91.17,37.1,22.69,6.79,48.43,21.38,32.63
Loja A,2025-05-05,103.23,20.08,46.96,57.28,76.11,30.81,28.35
Loja A,2025-05-06,27.82,43.75,88.64,26.81,1.74,61.77,35.09
Loja A,2025-05-07,48.51,7.08,21.45,58.33,10.3,46.89,32.42
Loja A,2025-05-08,17.74,16.48,13.38,34.95,38.1,24.73,12.61
Loja A,2025-05-09,45.92,62.54,52.01,119.68,28.83,82.93,19.28
Loja A,2025-05-10,16.66,36.6,95.34,26.35,7.07,61.73,31.36
Loja A,2025-05-11,41.66,17.45,36.34,8.28,108.87,69.72,35.12
Loja A,2025-05-12,60.56,19.33,67.63,25.42,23.96,14.25,45.51
Loja A,2025-05-13,33.96,84.71,12.74,45.66,74.35,38.61,25.02
Loja A,2025-05-14,37.87,80.24,80.22,30.38,79.29,32.75,60.09
Loja A,2025-05-15,49.54,24.21,14.74,75.67,90.06,44.88,32.71
Loja A,2025-05-16,11.22,74.36,41.2,27.09,61.27,9.26,13.6
Loja A,2025-05-17,18.72,48.44,38.19,52.55,70.98,53.89,110.39
Loja A,2025-05-18,70.87,30.32,21.33,31.05,55.21,23.31,56.28
Loja A,2025-05-19,51.88,14.54,69.97,43.74,106.88,32.83,26.1
Loja A,2025-05-20,12.86,12.67,64.38,99.88,30.71,29.16,35.17
Loja A,2025-05-21,73.23,14.66,39.87,65.39,48.02,0.92,54.08
Loja A,2025-05-22,48.35,82.87,94.7,80.12,35.32,6.72,29.0
Loja A,2025-05-23,34.47,99.05,17.6,9.55,23.43,18.46,8.61
Loja A,2025-05-24,31.23,35.51,8.09,25.97,17.44,36.39,39.15
Loja A,2025-05-25,17.44,69.55,33.89,18.18,7.53,40.72,48.27
Loja A,2025-05-26,22.35,37.27,94.69,62.27,2.93,18.0,30.06
Loja A,2025-05-27,35.36,37.88,46.1,30.85,33.82,64.5,41.31
Loja A,2025-05-28,11.66,36.22,30.12,4.53,37.63,13.22,65.15
Loja A,2025-05-29,45.62,11.04,63.14,83.76,27.29,29.98,58.96
Loja A,2025-05-30,79.63,6.2,12.35,23.81,26.0,57.79,79.9
Loja A,2025-05-31,83.92,6.02,16.56,20.26,16.49,45.53,49.52
Loja A,2025-06-01,33.5,31.1,24.66,27.09,93.99,54.76,25.44
Loja A,2025-06-02,30.64,46.28,11.03,37.16,52.67,48.01,16.85
Loja A,2025-06-03,19.74,3.9,56.61,120.68,14.78,70.61,113.77
Loja A,2025-06-04,22.7,30.67,40.32,46.93,41.94,24.21,52.1
Loja A,2025-06-05,24.67,44.05,32.58,5.31,77.69,20.2,82.9
Loja A,2025-06-06,68.71,39.44,48.68,52.92,28.49,29.58,51.13
Loja A,2025-06-07,32.85,24.27,17.1,44.99,19.63,60.93,64.5
Loja A,2025-06-08,48.41,55.78,48.52,58.57,56.85,43.26,69.3
Loja A,2025-06-09,29.3,17.56,16.77,26.0,4.45,39.15,53.42
Loja A,2025-06-10,63.87,6.67,17.26,59.66,28.58,52.58,10.48
Loja A,2025-06-11,82.25,9.67,38.31,39.05,22.18,47.21,48.16
Loja A,2025-06-12,44.53,21.84,18.42,23.84,16.29,71.46,25.56
Loja A,2025-06-13,37.5,59.5,15.58,9.26,16.34,40.58,38.59
Loja A,2025-06-14,44.47,30.74,1.69,29.99,64.99,76.52,35.68
Loja A,2025-06-15,38.69,51.89,75.08,33.35,51.39,21.04,10.71
Loja A,2025-06-16,22.95,86.66,52.12,11.73,53.81,12.61,44.03
Loja A,2025-06-17,15.05,11.09,96.28,25.55,51.46,34.4,13.58
Loja A,2025-06-18,27.77,13.69,142.49,57.97,33.92,49.55,55.43
Loja A,2025-06-19,55.53,53.9,51.07,36.03,91.46,37.77,34.66
Loja A,2025-06-20,38.01,40.04,6.73,16.19,30.74,6.36,33.88
Loja A,2025-06-21,39.65,10.23,19.82,78.58,49.91,47.92,72.29
Loja A,2025-06-22,16.47,10.26,65.88,31.41,16.09,6.67,38.33
Loja A,2025-06-23,28.66,24.93,2.63,90.67,8.43,26.91,23.43
Loja A,2025-06-24,50.96,6.75,46.75,38.48,19.0,45.58,33.83
Loja A,2025-06-25,105.0,28.64,14.23,47.08,25.89,33.32,10.35
Loja A,2025-06-26,51.5,22.61,40.68,122.25,27.35,56.48,28.87
Loja A,2025-06-27,19.22,80.41,4.63,66.7,3.95,62.1,33.7
Loja A,2025-06-28,14.27,23.89,54.38,114.84,7.06,15.1,9.43
Loja A,2025-06-29,28.68,63.24,8.15,33.02,61.88,23.61,38.74
Loja A,2025-06-30,76.5,12.62,5.27,42.29,43.14,22.27,18.75
Loja A,2025-07-01,34.22,12.4,12.42,54.13,11.6,5.68,18.72
Loja A,2025-07-02,22.72,46.74,20.16,85.2,35.59,16.52,45.35
Loja A,2025-07-03,84.2,53.11,7.64,24.37,40.22,51.58,28.82
Loja A,2025-07-04,25.72,104.49,53.65,45.45,20.9,12.23,46.02
Loja A,2025-07-05,57.76,33.19,53.75,54.71,60.41,7.5,24.94
Loja A,2025-07-06,48.0,34.64,54.83,45.43,2.92,70.44,22.44
Loja A,2025-07-07,15.65,68.87,51.94,75.44,40.54,24.68,37.17
Loja A,2025-07-08,13.19,9.19,19.58,90.69,21.32,5.83,29.47
Loja A,2025-07-09,21.09,71.31,86.46,23.76,40.52,43.02,32.09
Loja A,2025-07-10,27.73,14.71,4.78,14.63,31.23,8.17,38.98
Loja A,2025-07-11,35.16,21.12,26.8,9.78,59.67,58.98,11.61
Loja A,2025-07-12,11.94,14.81,49.7,42.92,68.35,73.57,7.37
Loja A,2025-07-13,48.45,71.61,25.43,32.73,29.03,30.05,59.53
Loja A,2025-07-14,101.99,83.24,21.96,40.61,16.92,18.49,31.63
Loja A,2025-07-15,18.06,20.49,39.9,47.97,47.07,47.4,10.5
Loja A,2025-07-16,17.25,34.32,69.42,139.2,41.81,55.65,9.34
Loja A,2025-07-17,54.62,115.79,17.2,21.06,60.82,33.99,4.28
Loja A,2025-07-18,22.15,86.23,26.64,26.62,58.19,42.91,25.49
Loja A,2025-07-19,19.89,182.18,76.91,47.39,49.55,30.2,42.54
Loja A,2025-07-20,27.75,15.83,43.75,25.88,45.4,51.59,47.12
Loja A,2025-07-21,14.68,23.68,26.28,65.41,63.12,18.16,10.25
Loja A,2025-07-22,143.45,45.81,8.92,20.77,67.27,121.56,108.74
Loja A,2025-07-23,44.44,33.42,13.41,35.6,15.15,23.87,60.77
Loja A,2025-07-24,27.64,26.18,32.05,157.12,12.08,41.12,102.48
Loja A,2025-07-25,31.98,75.96,9.56,28.36,16.65,31.72,32.24
Loja A,2025-07-26,34.85,60.39,2.47,19.99,39.09,4.57,52.03
Loja A,2025-07-27,19.67,28.79,62.27,78.27,53.14,11.74,51.31
Loja A,2025-07-28,53.74,46.59,86.82,35.54,84.62,84.28,54.8
Loja A,2025-07-29,41.59,46.78,99.31,69.36,13.15,44.7,15.89
Loja A,2025-07-30,19.17,24.65,8.62,14.96,89.96,19.07,60.62
Loja A,2025-07-31,37.97,49.76,51.25,14.35,60.38,10.56,18.39
Loja A,2025-08-01,50.73,13.49,4.0,43.2,7.06,54.12,26.13
Loja A,2025-08-02,42.75,42.18,56.94,51.78,13.37,27.42,42.72
Loja A,2025-08-03,85.63,52.11,80.77,44.35,70.18,40.19,68.25
Loja A,2025-08-04,25.06,92.19,47.98,8.69,43.76,52.23,61.81
Loja A,2025-08-05,113.53,21.91,114.02,33.43,17.6,22.31,50.08
Loja A,2025-08-06,15.39,25.41,42.98,91.72,60.6,34.47,49.92
Loja A,2025-08-07,39.96,11.57,102.31,92.68,31.46,22.98,11.83
Loja A,2025-08-08,52.14,52.37,16.58,40.31,59.32,21.7,28.51
Loja A,2025-08-09,28.3,17.53,28.97,7.21,27.15,27.48,31.76
Loja A,2025-08-10,47.31,10.92,13.02,17.14,9.82,51.18,20.91
Loja A,2025-08-11,32.53,15.88,24.88,41.73,43.21,13.55,31.3
Loja A,2025-08-12,16.12,30.41,19.47,106.57,59.08,44.57,26.64
Loja A,2025-08-13,60.26,32.0,99.53,64.43,24.74,92.16,26.75
Loja A,2025-08-14,110.63,95.41,41.56,7.51,39.25,12.27,19.97
Loja A,2025-08-15,21.26,12.17,39.36,18.02,27.73,21.41,47.45
Loja A,2025-08-16,45.04,26.0,49.14,76.2,3.27,20.4,14.53
Loja A,2025-08-17,18.89,2.51,3.09,22.02,21.51,83.57,37.12
Loja A,2025-08-18,48.25,272.2,100.64,32.17,23.54,20.68,42.59
Loja A,2025-08-19,23.7,11.84,21.33,43.47,54.35,107.47,35.93
Loja A,2025-08-20,79.24,28.55,31.7,30.42,39.19,61.19,22.9
Loja A,2025-08-21,15.24,64.58,61.45,87.65,20.04,27.75,66.25
Loja A,2025-08-22,22.68,52.76,28.65,42.42,11.61,35.58,75.17
Loja A,2025-08-23,57.7,14.35,101.87,72.09,12.15,21.46,12.82
Loja A,2025-08-24,43.29,20.67,4.33,31.59,62.84,36.14,49.43
Loja A,2025-08-25,38.76,56.05,41.36,30.26,35.8,89.82,51.42
Loja A,2025-08-26,14.3,35.37,42.73,29.48,4.35,15.69,23.75
Loja A,2025-08-27,109.69,47.52,7.22,30.97,80.62,20.42,67.97
Loja A,2025-08-28,7.48,0.65,74.92,22.75,24.27,38.5,46.33
Loja A,2025-08-29,1.52,19.06,34.88,46.25,14.14,28.28,20.37
Loja A,2025-08-30,39.46,73.11,25.38,8.98,18.17,101.19,15.74
Loja A,2025-08-31,10.93,24.13,30.98,21.45,7.53,42.35,39.49
Loja A,2025-09-01,54.61,38.84,95.71,57.62,49.75,74.93,37.09
Loja A,2025-09-02,28.76,42.0,4.07,37.18,30.95,45.38,68.11
Loja A,2025-09-03,50.78,18.21,60.66,96.64,69.32,9.85,50.4
Loja A,2025-09-04,11.43,26.54,44.42,40.26,68.4,96.95,47.69
Loja A,2025-09-05,24.92,4.34,80.27,31.08,32.37,34.41,46.13
Loja A,2025-09-06,47.11,26.89,30.84,20.07,18.2,18.12,30.56
Loja A,2025-09-07,15.13,0.52,24.56,10.5,36.24,20.0,46.54
Loja A,2025-09-08,11.53,5.48,30.9,23.71,9.58,57.65,13.57
Loja A,2025-09-09,17.44,65.39,48.5,12.19,25.5,11.0,62.14
Loja A,2025-09-10,62.11,106.4,133.77,19.79,55.33,4.52,38.35
Loja A,2025-09-11,45.57,14.3,18.73,62.41,46.39,97.57,90.16
Loja A,2025-09-12,6.25,21.54,12.91,56.97,41.21,13.78,15.9
Loja A,2025-09-13,77.13,23.67,3.62,12.62,111.05,66.7,10.3
Loja A,2025-09-14,38.33,63.89,6.15,68.82,46.08,17.76,51.46
Loja A,2025-09-15,41.64,43.75,37.31,15.37,18.12,27.56,34.54
Loja A,2025-09-16,53.64,112.77,39.67,52.97,61.66,55.64,14.83
Loja A,2025-09-17,82.01,73.6,36.92,15.67,34.11,7.09,89.17
Loja A,2025-09-18,19.61,26.44,85.01,78.37,42.84,98.06,14.4
Loja A,2025-09-19,42.86,14.51,70.6,68.93,102.62,33.33,121.41
Loja A,2025-09-20,13.4,31.96,13.86,38.66,15.02,70.73,47.17
Loja A,2025-09-21,12.34,59.87,93.54,50.46,9.04,29.63,55.09
Loja A,2025-09-22,27.45,13.24,76.25,26.52,93.58,21.64,25.28
Loja A,2025-09-23,20.23,29.24,46.62,13.9,11.54,5.99,5.16
Loja A,2025-09-24,9.16,21.52,38.14,44.78,36.83,86.58,105.15
Loja A,2025-09-25,26.62,14.12,126.31,74.49,70.82,20.79,60.9
Loja A,2025-09-26,37.05,31.46,31.42,48.17,88.46,133.1,23.94
Loja A,2025-09-27,38.64,30.85,45.9,27.91,18.77,23.97,21.05
Loja A,2025-09-28,29.68,9.86,21.39,45.58,45.34,40.29,83.38
Loja A,2025-09-29,46.89,81.57,133.17,61.96,9.91,41.48,37.11
Loja A,2025-09-30,93.48,30.54,16.57,22.46,10.29,119.4,33.82
Loja A,2025-10-01,11.31,99.08,110.24,38.07,9.36,22.92,28.0
Loja A,2025-10-02,34.7,12.76,65.49,3.17,72.87,83.47,24.85
Loja A,2025-10-03,31.7,90.51,53.62,25.58,28.12,48.36,112.42
Loja A,2025-10-04,28.82,24.95,34.51,34.67,42.39,31.78,75.83
Loja A,2025-10-05,15.43,45.87,47.18,16.72,45.54,48.07,1.51
Loja A,2025-10-06,14.1,95.57,20.46,11.28,4.88,12.89,30.73
Loja A,2025-10-07,10.48,54.12,16.45,42.63,86.59,83.0,42.09
Loja A,2025-10-08,12.08,32.42,43.11,149.32,4.82,32.51,52.76
Loja A,2025-10-09,36.61,39.71,17.36,64.71,34.69,39.6,69.48
Loja A,2025-10-10,26.23,79.98,10.12,41.31,16.4,12.69,111.57
Loja A,2025-10-11,10.68,35.21,9.85,76.68,24.11,69.23,51.49
Loja A,2025-10-12,135.21,7.87,13.99,66.69,42.79,27.8,119.21
Loja A,2025-10-13,33.35,16.98,69.8,34.22,36.29,54.61,56.13
Loja A,2025-10-14,13.81,26.52,8.97,43.26,110.27,14.36,7.26
Loja A,2025-10-15,19.52,27.6,56.48,25.32,43.83,22.08,28.84
Loja A,2025-10-16,16.47,12.05,57.91,23.39,46.19,16.24,33.52
Loja A,2025-10-17,3.27,24.87,17.85,74.59,10.26,29.8,42.87
Loja A,2025-10-18,67.61,61.31,31.69,35.25,74.54,31.22,38.16
Loja A,2025-10-19,76.21,147.48,40.65,49.09,60.05,75.72,68.77
Loja A,2025-10-20,20.64,42.68,69.09,86.67,29.84,41.92,45.53
Loja A,2025-10-21,34.36,41.13,206.76,28.86,30.66,6.41,5.21
Loja A,2025-10-22,47.88,69.29,60.76,16.2,58.29,30.28,24.65
Loja A,2025-10-23,9.24,18.08,48.69,42.35,37.86,2.8,38.16
Loja A,2025-10-24,20.38,42.57,77.27,23.05,36.08,118.75,41.02
Loja A,2025-10-25,32.76,16.44,59.43,13.96,79.59,53.61,21.0
Loja A,2025-10-26,16.94,17.31,5.33,47.05,3.33,31.16,29.6
Loja A,2025-10-27,25.59,46.82,21.04,38.23,79.58,50.87,23.78
Loja A,2025-10-28,33.54,25.61,29.27,39.11,8.8,6.74,15.19
Loja A,2025-10-29,48.43,53.27,58.96,15.75,35.92,24.39,30.24
Loja A,2025-10-30,24.04,40.78,18.85,73.66,74.11,47.36,67.88
Loja A,2025-10-31,8.44,76.59,44.13,19.85,18.16,94.52,59.62
Loja A,2025-11-01,29.61,8.33,79.25,12.14,24.76,29.58,17.92
Loja A,2025-11-02,28.54,33.15,28.07,42.28,96.85,8.78,37.57
Loja A,2025-11-03,12.27,7.89,64.37,40.01,7.35,28.52,15.22
Loja A,2025-11-04,29.32,54.61,50.75,24.18,66.46,83.81,55.25
Loja A,2025-11-05,20.94,30.09,94.83,25.69,50.87,17.7,66.78
Loja A,2025-11-06,15.93,31.13,49.59,107.86,39.46,27.0,25.38
Loja A,2025-11-07,64.78,46.76,53.85,90.4,34.91,44.4,25.1
Loja A,2025-11-08,17.1,20.17,1.87,49.23,45.66,48.49,16.1
Loja A,2025-11-09,20.48,19.91,71.28,38.38,34.62,57.39,19.97
Loja A,2025-11-10,43.62,117.14,79.0,43.14,35.62,48.19,86.41
Loja A,2025-11-11,82.34,96.17,40.01,3.3,111.74,17.07,56.73
Loja A,2025-11-12,3.39,34.07,25.73,96.32,43.54,33.8,47.09
Loja A,2025-11-13,0.92,19.57,22.25,52.51,13.82,38.73,31.33
Loja A,2025-11-14,20.5,21.67,31.11,4.74,57.94,16.96,27.07
Loja A,2025-11-15,93.99,58.63,11.57,0.63,48.54,27.93,38.9
Loja A,2025-11-16,57.28,63.67,23.72,30.71,44.55,46.69,38.62
Loja A,2025-11-17,87.13,46.31,56.69,41.08,13.72,19.52,11.09
Loja A,2025-11-18,68.62,7.31,29.73,24.81,24.28,26.05,98.18
Loja A,2025-11-19,4.33,79.94,27.87,60.82,35.44,12.25,85.11
Loja A,2025-11-20,76.46,13.16,51.19,20.3,7.66,17.0,81.8
Loja A,2025-11-21,61.85,26.3,82.06,72.54,17.02,95.6,24.61
Loja A,2025-11-22,27.45,4.47,19.98,29.91,41.93,12.29,17.73
Loja A,2025-11-23,96.99,69.31,78.14,31.91,42.84,52.0,96.05
Loja A,2025-11-24,7.49,21.73,40.02,35.61,17.53,48.86,22.46
Loja A,2025-11-25,33.67,47.32,23.36,58.32,65.84,18.12,22.33
Loja A,2025-11-26,14.09,33.09,41.9,25.24,41.05,21.84,22.44
Loja A,2025-11-27,43.5,23.69,31.73,44.63,40.61,22.1,70.45
Loja A,2025-11-28,50.36,40.03,12.36,36.27,19.64,47.79,0.61
Loja A,2025-11-29,27.14,21.28,58.47,4.68,34.52,49.93,107.92
Loja A,2025-11-30,22.38,42.43,5.08,33.19,73.96,108.61,45.39
Loja A,2025-12-01,7.0,82.01,7.07,11.21,86.7,31.35,20.3
Loja A,2025-12-02,54.82,37.76,69.52,39.07,39.74,67.85,31.02
Loja A,2025-12-03,15.26,57.04,26.35,41.42,3.8,30.04,21.56
Loja A,2025-12-04,3.64,30.79,31.61,43.64,73.12,65.3,22.86
Loja A,2025-12-05,38.36,48.27,23.41,7.82,28.24,75.2,7.41
Loja A,2025-12-06,13.83,16.77,13.98,54.99,19.57,56.03,34.49
Loja A,2025-12-07,5.52,23.84,66.64,37.48,25.38,75.81,12.55
Loja A,2025-12-08,20.2,62.41,54.2,11.54,47.1,19.29,3.4
Loja A,2025-12-09,25.79,113.19,67.43,32.13,6.9,3.56,34.57
Loja A,2025-12-10,44.9,55.44,51.06,54.16,41.0,74.71,21.52
Loja A,2025-12-11,34.18,5.55,21.13,66.17,52.95,1.94,118.75
Loja A,2025-12-12,37.56,38.09,19.98,23.94,37.24,50.84,42.43
Loja A,2025-12-13,21.38,15.07,14.12,69.72,64.08,47.57,69.38
Loja A,2025-12-14,30.2,60.33,49.34,61.46,12.79,40.57,25.07
Loja A,2025-12-15,2.6,77.39,64.21,43.22,15.94,5.25,2.54
Loja A,2025-12-16,20.99,54.72,25.29,47.99,49.71,54.16,4.16
Loja A,2025-12-17,17.29,47.35,88.84,72.7,41.59,77.95,41.36
Loja A,2025-12-18,7.18,53.52,74.4,107.51,20.49,11.5,60.45
Loja A,2025-12-19,45.32,42.39,78.68,60.29,48.45,22.79,56.93
Loja A,2025-12-20,11.03,41.27,32.47,6.78,45.42,20.53,44.62
Loja A,2025-12-21,14.22,60.71,98.11,11.03,14.2,9.19,28.11
Loja A,2025-12-22,44.12,54.53,40.67,53.36,31.57,20.32,14.54
Loja A,2025-12-23,28.95,14.88,43.16,15.11,22.26,69.48,74.03
Loja A,2025-12-24,72.47,31.98,21.03,48.01,15.41,56.41,19.43
Loja A,2025-12-25,28.0,57.29,4.96,20.16,43.83,50.81,45.1
Loja A,2025-12-26,27.72,61.33,14.09,13.53,43.52,12.63,100.33
Loja A,2025-12-27,20.66,60.54,10.6,86.64,33.7,20.18,26.19
Loja A,2025-12-28,17.49,27.93,11.24,20.74,59.75,39.04,13.83
Loja A,2025-12-29,28.7,74.6,22.82,12.5,49.5,2.83,26.67
Loja A,2025-12-30,79.03,28.06,63.87,12.34,27.2,25.19,47.63
Loja A,2025-12-31,35.12,86.15,21.78,34.8,25.96,32.91,30.68
Loja B,2025-01-01,15.27,57.5,18.9,17.76,7.24,21.26,18.69
Loja B,2025-01-02,3.67,27.84,83.6,8.75,32.45,27.32,52.27
Loja B,2025-01-03,54.99,125.67,40.1,16.61,20.76,22.58,19.36
Loja B,2025-01-04,97.47,53.17,47.33,12.84,54.61,70.81,27.71
Loja B,2025-01-05,20.56,87.57,18.34,16.71,14.33,31.24,40.01
Loja B,2025-01-06,64.42,48.87,48.32,78.17,13.71,8.21,50.57
Loja B,2025-01-07,30.12,64.58,32.34,19.96,51.09,35.48,32.36
Loja B,2025-01-08,140.85,74.21,55.7,36.3,34.01,26.09,39.07
Loja B,2025-01-09,22.24,11.09,32.06,41.42,64.69,16.8,34.22
Loja B,2025-01-10,48.61,47.84,94.29,26.5,15.57,35.92,27.61
Loja B,2025-01-11,23.89,21.34,41.54,18.94,55.66,53.87,44.27
Loja B,2025-01-12,13.69,40.2,67.6,58.43,52.94,33.84,32.71
Loja B,2025-01-13,75.02,41.07,41.44,167.08,26.05,3.25,29.13
Loja B,2025-01-14,30.46,40.63,47.53,4.08,48.21,31.87,27.0
Loja B,2025-01-15,6.77,85.44,23.63,53.42,16.59,41.92,27.34
Loja B,2025-01-16,52.31,26.62,15.92,32.97,31.74,39.96,63.32
Loja B,2025-01-17,12.9,61.17,11.13,50.93,52.03,22.64,17.33
Loja B,2025-01-18,16.55,35.33,54.35,29.81,2.79,21.45,20.83
Loja B,2025-01-19,47.31,49.01,37.33,61.25,64.32,22.5,16.23
Loja B,2025-01-20,31.41,37.27,21.59,192.6,82.23,19.97,13.4
Loja B,2025-01-21,18.65,65.09,66.14,82.88,15.81,47.18,17.11
Loja B,2025-01-22,94.55,16.29,10.72,12.71,33.08,53.83,51.48
Loja B,2025-01-23,13.22,24.59,22.09,11.54,21.66,80.6,10.1
Loja B,2025-01-24,39.09,81.8,79.09,97.39,41.85,46.27,21.99
Loja B,2025-01-25,9.88,29.77,70.42,2.73,22.82,49.42,33.41
Loja B,2025-01-26,76.25,65.69,8.68,35.52,17.85,17.65,9.38
Loja B,2025-01-27,39.93,77.29,42.5,8.79,32.02,48.08,30.25
Loja B,2025-01-28,41.97,19.11,27.61,26.29,86.67,13.49,3.27
Loja B,2025-01-29,83.1,36.41,10.98,61.88,50.15,95.92,38.56
Loja B,2025-01-30,141.1,30.46,50.21,55.28,23.55,22.94,56.06
Loja B,2025-01-31,10.07,17.74,29.81,93.98,56.09,35.35,21.79
Loja B,2025-02-01,118.75,31.86,17.73,133.47,10.54,78.88,33.71
Loja B,2025-02-02,55.99,49.26,55.44,141.25,127.57,18.56,47.95
Loja B,2025-02-03,5.95,59.61,69.34,3.34,32.77,55.92,43.25
Loja B,2025-02-04,10.76,11.95,29.88,23.54,25.41,9.31,34.15
Loja B,2025-02-05,94.45,11.22,27.98,51.68,7.14,34.41,67.92
Loja B,2025-02-06,13.7,36.97,64.62,136.59,35.56,18.09,18.23
Loja B,2025-02-07,8.76,99.53,61.97,11.95,17.19,35.12,67.58
Loja B,2025-02-08,48.04,44.77,38.82,12.59,35.47,32.31,8.63
Loja B,2025-02-09,97.9,20.31,8.88,23.29,27.11,31.57,26.75
Loja B,2025-02-10,32.97,37.35,35.92,44.53,46.47,47.31,55.92
Loja B,2025-02-11,18.46,19.05,67.79,23.88,30.23,28.17,133.39
Loja B,2025-02-12,15.82,15.55,33.05,28.8,11.84,31.01,33.75
Loja B,2025-02-13,21.95,29.59,17.21,11.87,23.73,13.68,9.76
Loja B,2025-02-14,4.73,39.3,23.09,68.06,24.69,39.16,19.47
Loja B,2025-02-15,32.28,4.77,23.45,15.91,63.4,37.34,57.46
Loja B,2025-02-16,73.14,21.9,36.18,12.52,43.53,48.12,41.42
Loja B,2025-02-17,21.88,103.91,33.68,12.59,51.36,64.69,12.83
Loja B,2025-02-18,27.13,8.7,75.02,30.77,15.97,65.26,32.99
Loja B,2025-02-19,59.28,45.52,14.1,21.27,16.36,11.79,6.5
Loja B,2025-02-20,117.58,40.87,45.32,70.23,21.09,9.37,55.74
Loja B,2025-02-21,10.96,54.83,7.96,10.2,19.37,53.41,95.03
Loja B,2025-02-22,45.26,20.02,62.8,7.7,14.8,35.43,57.02
Loja B,2025-02-23,28.23,25.89,27.12,69.81,17.33,13.91,26.78
Loja B,2025-02-24,76.41,19.09,27.05,7.57,27.96,39.44,10.98
Loja B,2025-02-25,69.9,39.06,21.67,39.28,47.18,5.51,40.39
Loja B,2025-02-26,74.61,17.11,22.06,25.15,57.46,12.86,45.64
Loja B,2025-02-27,25.53,97.97,26.73,2.68,51.82,44.0,37.85
Loja B,2025-02-28,73.25,6.46,15.0,32.15,36.37,28.66,7.69
Loja B,2025-03-01,22.24,93.49,12.28,31.61,45.77,56.31,51.65
Loja B,2025-03-02,20.92,14.94,98.49,60.15,33.94,81.8,9.43
Loja B,2025-03-03,2.79,36.06,37.34,8.56,58.67,4.46,42.04
Loja B,2025-03-04,49.12,35.74,7.37,72.73,21.5,21.56,18.17
Loja B,2025-03-05,52.9,20.67,11.22,63.41,31.04,64.93,32.82
Loja B,2025-03-06,17.12,5.31,36.17,25.19,54.44,19.88,42.96
Loja B,2025-03-07,31.81,15.84,21.22,9.22,103.0,42.3,8.6
Loja B,2025-03-08,99.56,12.13,19.59,26.67,32.4,53.43,3.97
Loja B,2025-03-09,32.79,25.59,36.66,24.59,22.01,29.14,95.97
Loja B,2025-03-10,22.37,70.52,35.52,34.29,36.92,45.66,23.81
Loja B,2025-03-11,67.28,45.74,10.05,2.71,94.03,37.79,8.87
Loja B,2025-03-12,22.34,60.13,27.81,29.81,52.66,40.47,48.13
Loja B,2025-03-13,52.27,17.54,19.0,15.75,19.9,28.92,30.57
Loja B,2025-03-14,80.14,39.07,29.36,12.83,25.01,98.74,97.71
Loja B,2025-03-15,24.76,6.12,22.18,80.73,29.07,52.69,31.72
Loja B,2025-03-16,8.15,32.58,57.62,19.67,56.58,34.15,54.51
Loja B,2025-03-17,40.89,13.63,25.22,24.57,18.89,38.58,110.41
Loja B,2025-03-18,67.34,73.48,17.92,74.3,91.02,17.41,44.22
Loja B,2025-03-19,45.06,26.69,36.35,46.64,28.11,65.19,10.11
Loja B,2025-03-20,24.48,53.43,102.91,67.98,35.8,29.17,25.6
Loja B,2025-03-21,25.73,5.27,100.17,30.88,16.47,43.73,17.64
Loja B,2025-03-22,61.02,16.93,55.12,25.31,39.68,58.04,20.87
Loja B,2025-03-23,57.08,5.55,86.43,63.92,30.07,71.77,66.81
Loja B,2025-03-24,32.2,31.94,14.74,33.52,7.88,54.65,55.47
Loja B,2025-03-25,5.64,81.0,19.37,172.36,38.19,81.52,14.31
Loja B,2025-03-26,25.26,20.78,7.72,10.14,29.17,42.65,12.95
Loja B,2025-03-27,24.04,17.56,30.7,51.79,34.86,20.05,65.33
Loja B,2025-03-28,41.66,35.63,13.1,60.71,44.7,46.37,27.02
Loja B,2025-03-29,23.34,100.5,23.05,10.78,36.97,32.0,67.33
Loja B,2025-03-30,28.65,50.64,84.7,42.86,13.71,43.73,24.37
Loja B,2025-03-31,38.83,32.18,10.56,28.53,13.01,21.65,60.57
Loja B,2025-04-01,34.1,48.53,36.18,25.76,38.91,6.53,54.78
Loja B,2025-04-02,16.07,46.42,24.96,10.56,18.6,46.59,122.16
Loja B,2025-04-03,30.65,112.83,6.51,26.51,30.67,48.32,19.22
Loja B,2025-04-04,41.55,27.55,73.9,36.99,163.17,27.73,70.7
Loja B,2025-04-05,86.15,1.7,54.3,26.94,12.04,74.77,20.17
Loja B,2025-04-06,6.1,37.65,82.32,12.19,59.33,4.38,86.27
Loja B,2025-04-07,43.47,11.0,55.63,21.15,14.75,20.76,51.78
Loja B,2025-04-08,13.91,2.57,21.67,76.85,76.16,20.74,20.12
Loja B,2025-04-09,19.08,18.37,19.47,39.01,78.1,13.89,16.37
Loja B,2025-04-10,42.34,53.88,7.87,97.84,25.07,8.69,7.47
Loja B,2025-04-11,7.0,69.78,34.31,70.22,29.56,68.88,28.99
Loja B,2025-04-12,48.17,31.14,27.63,15.18,52.95,12.25,52.88
Loja B,2025-04-13,35.5,53.88,37.82,74.07,44.87,36.06,2.17
Loja B,2025-04-14,76.11,6.91,9.54,57.48,33.36,7.24,20.1
Loja B,2025-04-15,73.41,36.99,33.99,18.04,58.91,30.25,51.44
Loja B,2025-04-16,16.45,122.59,82.6,36.69,42.84,20.26,54.36
Loja B,2025-04-17,2.92,96.84,52.15,13.63,95.27,115.72,44.54
Loja B,2025-04-18,16.7,34.4,49.24,41.89,13.63,48.6,72.83
Loja B,2025-04-19,10.75,12.05,19.55,28.1,59.96,72.29,16.05
Loja B,2025-04-20,38.76,70.32,127.16,38.61,40.2,44.74,25.78
Loja B,2025-04-21,36.43,3.98,20.36,48.06,15.22,60.93,5.93
Loja B,2025-04-22,59.31,59.2,128.64,24.96,33.38,90.64,83.03
Loja B,2025-04-23,67.22,42.94,89.01,158.67,51.28,34.62,55.68
Loja B,2025-04-24,38.2,26.77,61.11,22.07,50.54,7.58,99.71
Loja B,2025-04-25,17.13,9.36,81.13,91.44,42.3,30.94,25.45
Loja B,2025-04-26,40.63,32.3,29.31,15.52,11.67,35.64,39.72
Loja B,2025-04-27,18.02,20.34,39.65,15.15,69.0,49.12,17.87
Loja B,2025-04-28,47.35,15.49,59.39,16.06,30.46,37.3,90.52
Loja B,2025-04-29,17.01,16.39,8.11,108.6,34.24,70.14,20.65
Loja B,2025-04-30,22.33,32.16,32.91,54.27,35.0,24.63,109.95
Loja B,2025-05-01,15.33,17.09,15.53,55.76,46.31,29.41,14.8
Loja B,2025-05-02,37.18,61.28,93.01,19.9,29.32,45.98,24.42
Loja B,2025-05-03,9.54,29.44,10.83,64.94,26.05,31.78,17.5
Loja B,2025-05-04,32.74,78.44,69.84,12.55,0.9,29.62,26.2
Loja B,2025-05-05,24.91,21.01,12.27,134.44,108.54,24.05,36.78
Loja B,2025-05-06,65.74,36.69,22.48,9.72,33.65,11.0,74.88
Loja B,2025-05-07,32.51,48.67,25.57,59.66,19.54,41.43,24.8
Loja B,2025-05-08,27.93,65.15,17.38,43.53,80.94,63.53,20.03
Loja B,2025-05-09,47.91,5.93,66.66,158.36,41.75,83.63,9.27
Loja B,2025-05-10,13.56,25.49,29.42,41.94,20.11,37.07,65.06
Loja B,2025-05-11,47.78,24.83,56.39,23.97,35.56,62.79,28.82
Loja B,2025-05-12,10.85,34.82,63.17,67.17,13.04,54.83,27.48
Loja B,2025-05-13,87.36,11.07,54.11,25.16,20.38,64.72,71.75
Loja B,2025-05-14,4.1,65.52,31.6,34.08,10.48,51.62,136.59
Loja B,2025-05-15,21.46,76.4,33.14,22.18,8.54,83.74,36.29
Loja B,2025-05-16,23.15,26.42,54.54,23.12,14.69,30.48,29.76
Loja B,2025-05-17,29.25,23.37,78.18,168.96,13.07,3.32,27.62
Loja B,2025-05-18,3.88,7.67,21.77,54.27,27.37,2.23,27.08
Loja B,2025-05-19,28.71,29.09,70.5,62.65,35.23,119.7,21.72
Loja B,2025-05-20,30.17,32.71,8.45,33.24,6.83,18.95,36.44
Loja B,2025-05-21,9.94,42.6,16.42,24.75,48.12,31.25,41.89
Loja B,2025-05-22,46.02,30.86,43.66,18.68,47.7,27.76,79.55
Loja B,2025-05-23,37.02,21.04,48.3,81.88,22.68,19.59,1.13
Loja B,2025-05-24,36.95,25.6,48.16,48.9,8.85,62.46,17.21
Loja B,2025-05-25,22.79,42.78,12.26,19.77,11.18,66.23,24.44
Loja B,2025-05-26,10.13,10.86,58.89,15.86,22.35,34.31,25.85
Loja B,2025-05-27,4.89,51.9,27.42,41.54,54.63,3.61,54.98
Loja B,2025-05-28,148.41,44.84,80.4,64.69,53.57,66.28,74.11
Loja B,2025-05-29,76.12,10.83,69.1,27.1,77.99,47.7,10.67
Loja B,2025-05-30,85.31,17.28,26.04,98.9,37.2,25.13,31.44
Loja B,2025-05-31,24.69,58.81,25.32,32.28,50.63,46.68,18.58
Loja B,2025-06-01,59.32,21.69,13.28,5.48,28.96,6.92,16.36
Loja B,2025-06-02,32.92,73.01,26.6,8.65,30.62,71.08,26.11
Loja B,2025-06-03,81.57,32.77,55.13,39.3,78.91,124.93,22.62
Loja B,2025-06-04,37.6,72.98,40.32,5.16,26.44,40.07,93.76
Loja B,2025-06-05,36.08,15.38,40.78,87.51,19.71,21.93,19.97
Loja B,2025-06-06,9.89,34.87,31.82,5.87,16.49,38.42,54.22
Loja B,2025-06-07,64.87,57.34,33.29,8.28,27.85,1.92,38.56
Loja B,2025-06-08,19.13,3.48,43.94,86.8,7.03,46.59,24.17
Loja B,2025-06-09,17.27,17.3,24.17,24.1,32.27,15.8,18.86
Loja B,2025-06-10,49.74,14.53,40.43,25.21,21.15,105.69,10.13
Loja B,2025-06-11,90.81,59.8,19.56,61.0,0.91,17.99,14.71
Loja B,2025-06-12,44.32,54.97,43.8,36.65,63.81,57.69,19.16
Loja B,2025-06-13,21.06,55.42,32.03,33.75,37.17,5.45,18.41
Loja B,2025-06-14,47.1,18.28,27.56,46.89,66.27,71.74,74.51
Loja B,2025-06-15,29.68,27.3,11.42,87.14,26.38,85.78,41.24
Loja B,2025-06-16,68.39,31.28,50.26,69.99,22.04,74.78,12.98
Loja B,2025-06-17,103.87,37.28,18.67,58.99,42.66,5.8,24.18
Loja B,2025-06-18,13.59,14.74,14.26,48.58,62.16,17.2,4.13
Loja B,2025-06-19,120.08,37.58,59.29,28.54,3.07,45.19,96.69
Loja B,2025-06-20,19.58,2.6,11.35,61.3,42.42,74.99,33.56
Loja B,2025-06-21,54.31,23.6,12.25,54.42,62.0,19.98,90.96
Loja B,2025-06-22,92.65,14.34,14.97,15.63,30.17,24.54,9.72
Loja B,2025-06-23,16.05,3.16,3.99,7.85,115.76,106.64,56.66
Loja B,2025-06-24,20.16,7.71,33.02,46.11,17.46,44.33,11.25
Loja B,2025-06-25,20.52,27.11,108.74,15.84,45.94,13.7,11.97
Loja B,2025-06-26,17.39,33.91,98.97,19.78,62.33,112.32,40.41
Loja B,2025-06-27,70.34,16.55,45.05,53.68,9.24,15.1,26.15
Loja B,2025-06-28,17.83,28.69,7.9,105.06,66.84,232.7,10.42
Loja B,2025-06-29,46.35,17.98,11.9,64.24,34.77,24.72,41.32
Loja B,2025-06-30,15.7,15.22,18.56,73.3,69.25,9.93,102.06
Loja B,2025-07-01,32.53,45.79,18.03,33.88,11.83,16.94,60.57
Loja B,2025-07-02,61.57,47.35,23.43,9.76,79.43,64.78,4.83
Loja B,2025-07-03,62.32,24.71,54.96,8.01,18.88,35.83,105.09
Loja B,2025-07-04,35.91,71.28,39.69,38.63,49.23,31.85,59.55
Loja B,2025-07-05,12.69,32.02,111.08,73.33,42.33,66.49,92.03
Loja B,2025-07-06,4.07,26.68,18.82,8.65,121.72,50.94,64.87
Loja B,2025-07-07,19.55,26.22,33.2,44.73,57.99,55.4,27.66
Loja B,2025-07-08,94.47,81.91,41.44,34.17,25.97,44.92,78.99
Loja B,2025-07-09,34.78,20.93,34.18,42.01,11.88,9.06,21.4
Loja B,2025-07-10,94.34,75.97,7.0,14.59,57.3,23.75,46.7
Loja B,2025-07-11,7.45,33.65,30.99,65.09,44.73,37.16,5.68
Loja B,2025-07-12,113.47,54.4,18.13,36.45,24.36,28.3,75.17
Loja B,2025-07-13,14.52,56.03,77.35,49.94,29.45,16.99,19.18
Loja B,2025-07-14,37.03,34.72,61.04,8.06,74.52,163.74,31.71
Loja B,2025-07-15,27.97,30.15,36.05,26.22,4.18,29.62,37.73
Loja B,2025-07-16,80.08,14.35,102.18,24.77,16.0,54.41,22.46
Loja B,2025-07-17,32.19,33.93,52.21,31.45,28.79,24.24,48.52
Loja B,2025-07-18,21.47,81.9,34.23,6.04,41.99,47.19,82.52
Loja B,2025-07-19,17.68,15.43,53.46,73.49,17.06,40.87,31.88
Loja B,2025-07-20,17.6,30.43,69.94,34.34,29.17,51.47,74.34
Loja B,2025-07-21,14.11,42.13,24.9,34.46,54.4,26.54,31.26
Loja B,2025-07-22,66.03,46.36,30.71,37.07,35.04,5.54,37.55
Loja B,2025-07-23,10.12,72.92,9.88,23.89,20.28,91.77,70.85
Loja B,2025-07-24,2.34,33.02,11.96,37.66,53.52,40.07,55.84
Loja B,2025-07-25,27.13,41.03,54.45,23.14,15.79,19.33,30.39
Loja B,2025-07-26,33.72,42.79,17.7,55.56,105.85,20.41,145.21
Loja B,2025-07-27,115.26,33.64,29.68,19.09,61.38,35.4,38.28
Loja B,2025-07-28,16.1,62.58,27.84,12.84,31.63,17.06,82.6
Loja B,2025-07-29,114.28,32.33,69.52,68.34,0.44,19.36,36.59
Loja B,2025-07-30,23.64,18.06,71.48,22.88,42.87,67.28,85.87
Loja B,2025-07-31,12.91,14.0,39.46,4.1,14.65,76.85,52.58
Loja B,2025-08-01,30.39,47.15,55.14,8.94,22.54,83.9,39.97
Loja B,2025-08-02,41.74,32.4,5.59,20.12,45.14,22.99,13.35
Loja B,2025-08-03,15.07,85.06,21.96,73.98,41.88,27.72,17.31
Loja B,2025-08-04,53.57,67.96,57.21,9.94,21.91,24.17,4.35
Loja B,2025-08-05,46.81,51.66,50.41,44.67,25.89,16.72,25.82
Loja B,2025-08-06,42.13,78.64,35.39,34.48,4.85,44.18,82.48
Loja B,2025-08-07,30.58,28.8,24.55,54.85,4.58,74.03,27.81
Loja B,2025-08-08,44.76,57.88,14.9,32.82,27.33,11.79,67.59
Loja B,2025-08-09,25.59,11.32,34.37,8.44,22.99,41.51,7.53
Loja B,2025-08-10,52.42,35.74,58.11,57.66,22.33,22.85,47.17
Loja B,2025-08-11,12.83,12.91,19.81,9.24,11.19,11.56,25.67
Loja B,2025-08-12,24.72,64.3,26.04,30.93,100.94,2.47,38.64
Loja B,2025-08-13,27.84,41.56,20.89,25.91,76.19,46.71,26.96
Loja B,2025-08-14,17.07,12.78,22.01,28.91,100.69,36.58,18.9
Loja B,2025-08-15,2.49,16.64,22.04,39.26,22.72,103.81,27.35
Loja B,2025-08-16,65.8,6.86,31.48,16.8,67.05,23.97,77.64
Loja B,2025-08-17,51.93,21.46,12.56,17.71,25.93,51.69,32.31
Loja B,2025-08-18,58.36,81.71,33.64,13.88,42.97,111.39,60.65
Loja B,2025-08-19,40.63,15.57,28.12,7.35,11.86,43.61,5.72
Loja B,2025-08-20,24.91,10.65,12.42,34.11,17.73,8.69,20.83
Loja B,2025-08-21,8.38,74.43,53.7,53.53,16.28,44.65,37.91
Loja B,2025-08-22,17.38,30.77,6.98,12.87,30.12,21.84,41.86
Loja B,2025-08-23,17.79,24.55,32.09,16.53,24.21,37.72,88.75
Loja B,2025-08-24,16.61,21.93,60.24,70.64,47.72,69.42,15.8
Loja B,2025-08-25,64.99,55.03,12.27,24.84,3.37,35.7,64.18
Loja B,2025-08-26,21.0,13.65,12.78,31.72,47.42,89.99,3.01
Loja B,2025-08-27,82.8,37.14,62.12,52.81,33.23,32.28,42.73
Loja B,2025-08-28,26.39,28.1,49.07,16.56,66.16,62.48,22.02
Loja B,2025-08-29,49.41,45.07,20.17,51.98,86.81,67.7,8.58
Loja B,2025-08-30,46.19,60.48,19.08,66.17,17.28,26.18,17.87
Loja B,2025-08-31,15.42,42.68,9.4,27.35,42.7,18.09,73.96
Loja B,2025-09-01,29.09,95.99,8.35,43.91,37.82,23.95,33.38
Loja B,2025-09-02,48.64,55.21,29.83,44.32,16.49,55.95,83.74
Loja B,2025-09-03,58.93,17.9,14.24,136.13,80.08,55.35,87.41
Loja B,2025-09-04,32.56,54.65,73.44,26.38,46.17,68.04,13.34
Loja B,2025-09-05,24.32,67.02,38.58,34.9,31.86,71.76,14.7
Loja B,2025-09-06,23.01,9.32,25.74,37.2,4.87,16.72,38.54
Loja B,2025-09-07,45.65,100.55,50.56,28.94,36.46,37.4,23.04
Loja B,2025-09-08,39.76,22.13,41.21,31.84,27.95,28.58,56.49
Loja B,2025-09-09,52.81,26.83,55.0,31.36,31.74,23.05,93.7
Loja B,2025-09-10,87.28,19.2,25.59,43.53,49.35,13.6,15.77
Loja B,2025-09-11,49.46,8.51,19.34,60.84,58.94,90.34,110.54
Loja B,2025-09-12,172.35,25.0,20.45,44.73,9.55,27.54,37.12
Loja B,2025-09-13,47.17,50.82,26.88,11.03,13.43,4.17,21.07
Loja B,2025-09-14,9.32,22.3,44.41,11.28,35.59,26.65,42.75
Loja B,2025-09-15,50.15,25.35,33.39,26.73,22.87,18.52,46.93
Loja B,2025-09-16,79.92,73.64,10.28,78.93,14.98,37.14,42.11
Loja B,2025-09-17,7.82,29.02,82.23,2.6,142.91,3.94,41.34
Loja B,2025-09-18,8.22,46.19,71.46,58.76,65.49,26.83,81.85
Loja B,2025-09-19,122.23,35.75,24.44,16.98,56.15,67.64,24.45
Loja B,2025-09-20,93.93,52.9,35.44,42.33,13.78,55.7,14.64
Loja B,2025-09-21,21.94,31.49,109.78,39.87,16.0,42.44,50.68
Loja B,2025-09-22,75.32,32.71,18.2,129.14,42.51,16.09,32.49
Loja B,2025-09-23,21.95,78.41,50.34,25.89,67.67,30.49,31.91
Loja B,2025-09-24,17.76,17.64,123.56,65.49,5.02,14.32,11.69
Loja B,2025-09-25,34.9,23.73,89.1,25.59,115.36,31.22,131.97
Loja B,2025-09-26,28.38,28.82,64.5,58.14,9.85,35.55,23.55
Loja B,2025-09-27,22.23,35.42,26.43,38.29,13.73,7.64,66.22
Loja B,2025-09-28,73.34,63.4,34.23,24.82,19.78,16.73,31.24
Loja B,2025-09-29,72.12,18.37,72.2,8.07,39.78,46.04,21.61
Loja B,2025-09-30,12.9,60.3,34.43,158.28,72.87,73.26,1.85
Loja B,2025-10-01,18.7,11.49,3.89,32.35,59.26,14.13,4.2
Loja B,2025-10-02,15.25,29.38,27.69,33.61,45.36,32.97,61.57
Loja B,2025-10-03,14.38,26.77,50.84,41.13,106.57,14.95,51.49
Loja B,2025-10-04,19.57,17.74,69.91,32.69,40.62,20.89,21.93
Loja B,2025-10-05,7.48,38.26,13.1,29.81,61.52,5.35,185.7
Loja B,2025-10-06,17.42,30.49,40.58,16.91,22.6,71.47,56.95
Loja B,2025-10-07,27.23,33.29,37.08,49.9,52.47,51.49,23.83
Loja B,2025-10-08,36.19,66.32,128.92,35.43,21.24,16.63,51.77
Loja B,2025-10-09,7.11,52.14,52.79,21.89,39.92,27.95,9.41
Loja B,2025-10-10,49.47,46.34,23.36,127.61,33.5,4.76,68.71
Loja B,2025-10-11,58.11,62.94,13.79,39.14,33.07,29.04,81.22
Loja B,2025-10-12,33.85,24.04,23.84,12.82,36.39,85.44,25.67
Loja B,2025-10-13,40.77,28.68,31.15,59.93,12.67,7.9,68.78
Loja B,2025-10-14,21.39,24.27,145.73,57.86,15.63,72.09,58.8
Loja B,2025-10-15,0.46,37.4,13.27,31.1,129.19,61.7,67.52
Loja B,2025-10-16,28.73,67.74,17.96,37.05,59.74,58.48,8.43
Loja B,2025-10-17,111.06,15.04,162.82,60.99,57.4,16.24,22.16
Loja B,2025-10-18,105.18,96.21,29.37,27.44,28.08,72.43,67.68
Loja B,2025-10-19,44.39,37.32,29.1,154.43,9.43,24.53,42.18
Loja B,2025-10-20,7.6,20.93,128.1,64.6,20.78,20.25,9.51
Loja B,2025-10-21,23.3,50.28,44.23,24.33,14.84,28.8,28.3
Loja B,2025-10-22,58.91,39.65,35.78,76.82,95.62,43.84,44.64
Loja B,2025-10-23,30.4,16.05,62.22,54.02,32.37,39.74,73.37
Loja B,2025-10-24,81.86,1.97,19.62,32.29,12.8,40.53,20.52
Loja B,2025-10-25,41.55,21.06,21.82,41.31,64.12,51.81,32.5
Loja B,2025-10-26,5.26,21.38,19.45,56.36,37.57,38.62,16.72
Loja B,2025-10-27,84.09,38.43,15.83,16.87,42.67,15.3,19.66
Loja B,2025-10-28,12.22,56.04,15.62,93.52,46.62,12.17,51.48
Loja B,2025-10-29,84.19,31.42,90.88,47.27,20.54,129.43,9.24
Loja B,2025-10-30,25.7,32.5,115.27,56.95,50.36,17.93,30.5
Loja B,2025-10-31,20.95,49.16,75.31,148.9,22.98,8.97,26.05
Loja B,2025-11-01,68.38,16.04,33.41,50.82,23.37,39.68,14.66
Loja B,2025-11-02,78.89,27.66,38.83,5.53,12.84,66.82,23.1
Loja B,2025-11-03,15.35,8.24,77.89,55.23,52.69,99.19,25.72
Loja B,2025-11-04,9.08,34.93,111.91,35.48,73.98,9.45,17.61
Loja B,2025-11-05,64.09,38.24,30.97,73.28,63.49,39.01,2.01
Loja B,2025-11-06,33.81,46.22,5.71,45.09,75.56,33.76,13.79
Loja B,2025-11-07,2.43,45.75,6.57,52.38,108.34,18.34,28.21
Loja B,2025-11-08,112.46,36.97,23.29,68.38,24.37,17.27,51.81
Loja B,2025-11-09,72.19,17.16,39.31,29.21,33.02,13.92,54.64
Loja B,2025-11-10,93.26,16.81,54.61,67.3,39.09,52.98,18.6
Loja B,2025-11-11,89.77,72.56,78.27,11.77,48.29,19.82,94.94
Loja B,2025-11-12,17.14,40.28,3.95,40.12,11.9,50.08,29.9
Loja B,2025-11-13,24.96,96.55,135.36,8.68,25.63,60.82,44.29
Loja B,2025-11-14,58.5,31.62,74.63,38.98,46.22,11.92,36.05
Loja B,2025-11-15,61.28,42.51,37.28,48.33,38.82,32.45,62.61
Loja B,2025-11-16,30.72,11.2,93.65,20.34,8.23,52.68,101.7
Loja B,2025-11-17,53.57,84.83,15.47,11.36,25.55,70.89,50.21
Loja B,2025-11-18,52.89,37.26,25.96,38.54,29.89,24.51,45.18
Loja B,2025-11-19,27.67,41.48,4.54,38.97,27.53,87.92,7.84
Loja B,2025-11-20,36.83,61.8,30.83,26.78,61.65,49.33,52.01
Loja B,2025-11-21,24.55,22.07,41.52,65.23,9.83,31.7,22.91
Loja B,2025-11-22,34.71,57.79,16.85,53.33,25.23,72.38,17.73
Loja B,2025-11-23,64.61,10.91,39.49,54.13,18.15,23.54,34.99
Loja B,2025-11-24,26.71,21.74,62.3,77.43,74.37,47.87,52.57
Loja B,2025-11-25,15.59,32.57,37.2,42.62,42.08,35.06,47.48
Loja B,2025-11-26,40.73,40.66,19.23,12.48,42.78,24.39,20.01
Loja B,2025-11-27,55.11,32.84,85.09,51.08,18.21,55.58,45.88
Loja B,2025-11-28,17.62,22.03,53.77,6.18,3.76,38.99,36.88
Loja B,2025-11-29,41.57,36.95,47.05,78.14,34.5,9.04,5.35
Loja B,2025-11-30,26.16,26.71,10.66,2.9,24.64,101.36,45.68
Loja B,2025-12-01,42.87,30.13,26.12,49.0,11.93,118.96,12.81
Loja B,2025-12-02,52.16,13.94,37.65,56.11,7.31,15.39,16.32
Loja B,2025-12-03,27.9,41.16,102.72,21.87,98.42,44.54,12.4
Loja B,2025-12-04,30.24,9.2,26.17,24.74,38.11,52.28,32.09
Loja B,2025-12-05,13.77,84.85,107.09,29.72,43.13,28.45,38.34
Loja B,2025-12-06,39.85,10.83,26.56,68.49,64.49,26.17,40.41
Loja B,2025-12-07,27.78,53.69,7.24,49.1,88.65,19.05,80.75
Loja B,2025-12-08,41.91,32.03,26.01,82.65,27.85,97.54,90.22
Loja B,2025-12-09,23.11,29.5,5.01,32.84,36.03,73.47,93.47
Loja B,2025-12-10,57.26,69.44,29.48,11.51,41.85,72.63,1.42
Loja B,2025-12-11,37.33,5.88,17.73,38.44,94.48,34.57,54.68
Loja B,2025-12-12,41.55,18.69,47.63,11.21,34.19,81.61,39.25
Loja B,2025-12-13,41.57,26.14,7.82,28.59,62.26,45.47,11.86
Loja B,2025-12-14,5.53,18.5,28.82,30.45,30.77,34.31,46.56
Loja B,2025-12-15,24.73,15.13,50.44,63.29,21.62,119.5,91.14
Loja B,2025-12-16,12.69,6.02,29.81,41.76,118.35,115.76,54.77
Loja B,2025-12-17,25.14,75.64,37.51,10.2,10.6,25.28,67.3
Loja B,2025-12-18,13.74,25.23,90.62,45.41,49.31,68.97,25.66
Loja B,2025-12-19,94.73,55.93,31.23,83.04,54.21,33.7,50.36
Loja B,2025-12-20,16.42,75.82,117.04,7.44,21.41,19.92,58.41
Loja B,2025-12-21,40.18,24.22,27.33,22.41,53.4,39.7,26.28
Loja B,2025-12-22,22.75,84.02,74.52,53.83,69.21,10.31,13.62
Loja B,2025-12-23,12.25,34.5,70.78,24.5,77.49,21.37,30.94
Loja B,2025-12-24,24.28,29.11,31.66,5.81,44.5,31.08,94.59
Loja B,2025-12-25,51.97,43.11,90.87,84.8,97.41,22.49,11.96
Loja B,2025-12-26,5.85,68.56,4.8,40.13,8.15,75.49,49.07
Loja B,2025-12-27,75.2,40.77,15.07,23.76,63.93,7.38,22.18
Loja B,2025-12-28,19.62,31.99,53.21,73.89,9.63,16.03,10.8
Loja B,2025-12-29,32.99,12.15,44.25,80.81,6.09,16.54,98.1
Loja B,2025-12-30,39.32,22.5,168.08,27.25,51.73,17.2,14.58
Loja B,2025-12-31,53.92,104.05,23.34,13.59,67.76,23.53,44.69
Loja C,2025-01-01,22.76,26.02,15.96,54.94,45.66,44.51,18.81
Loja C,2025-01-02,42.8,113.47,13.68,17.31,18.16,36.8,12.73
Loja C,2025-01-03,49.12,5.35,59.69,43.92,111.75,14.28,69.64
Loja C,2025-01-04,31.16,26.51,13.65,23.03,23.91,8.21,43.58
Loja C,2025-01-05,39.49,51.58,20.59,61.29,83.71,28.15,14.56
Loja C,2025-01-06,35.38,34.14,29.33,51.67,25.48,13.5,37.87
Loja C,2025-01-07,53.46,56.6,24.14,41.97,84.78,71.03,7.66
Loja C,2025-01-08,25.67,81.08,7.61,32.06,20.3,42.63,3.39
Loja C,2025-01-09,75.88,33.28,12.67,17.93,43.72,16.72,101.82
Loja C,2025-01-10,30.34,89.71,37.92,54.94,52.63,22.51,55.42
Loja C,2025-01-11,24.17,6.85,28.26,10.98,23.49,32.44,14.97
Loja C,2025-01-12,49.94,23.94,10.66,15.19,36.19,27.29,41.46
Loja C,2025-01-13,36.39,13.92,19.89,60.94,16.17,91.13,8.47
Loja C,2025-01-14,59.56,30.72,14.01,35.43,16.65,21.0,24.42
Loja C,2025-01-15,56.33,19.65,39.63,57.85,34.7,44.18,32.3
Loja C,2025-01-16,49.2,10.36,85.74,18.59,30.96,4.69,21.87
Loja C,2025-01-17,40.85,93.59,50.79,23.31,7.74,79.21,22.41
Loja C,2025-01-18,40.77,23.36,44.53,76.82,55.85,26.89,80.48
Loja C,2025-01-19,107.44,66.01,23.96,59.65,65.55,27.29,107.43
Loja C,2025-01-20,74.49,28.42,23.94,64.52,126.73,11.09,46.09
Loja C,2025-01-21,58.9,76.35,59.31,22.66,9.89,26.14,57.92
Loja C,2025-01-22,20.7,84.54,30.19,19.61,49.84,27.82,23.41
Loja C,2025-01-23,116.73,20.59,25.39,50.36,83.68,47.0,36.07
Loja C,2025-01-24,125.76,24.44,24.54,20.84,44.92,15.92,12.47
Loja C,2025-01-25,25.33,7.36,40.78,45.01,50.7,61.48,25.91
Loja C,2025-01-26,77.25,72.13,14.0,32.37,2.7,77.99,60.72
Loja C,2025-01-27,90.23,8.4,47.95,22.03,4.59,67.02,11.31
Loja C,2025-01-28,43.59,21.83,38.26,62.07,38.34,15.64,118.63
Loja C,2025-01-29,26.21,18.47,31.6,8.61,19.91,27.5,40.64
Loja C,2025-01-30,35.01,48.04,32.59,71.57,54.05,45.4,79.66
Loja C,2025-01-31,79.65,36.95,25.2,39.55,30.49,24.4,38.4
Loja C,2025-02-01,44.4,52.24,88.24,41.21,33.15,65.89,17.05
Loja C,2025-02-02,7.44,47.48,26.13,27.72,16.7,75.07,7.77
Loja C,2025-02-03,50.9,33.5,91.91,66.09,12.95,54.08,46.51
Loja C,2025-02-04,31.65,51.17,19.87,36.07,33.96,17.47,26.18
Loja C,2025-02-05,22.76,44.38,78.03,10.41,45.35,22.08,63.3
Loja C,2025-02-06,44.96,8.06,38.43,30.38,11.5,22.32,37.18
Loja C,2025-02-07,22.86,68.32,30.17,21.03,38.72,42.46,63.7
Loja C,2025-02-08,35.0,41.21,53.23,17.43,61.03,11.81,36.85
Loja C,2025-02-09,37.34,36.67,10.85,1.58,26.87,43.42,85.42
Loja C,2025-02-10,43.87,11.62,28.08,29.47,77.47,44.74,13.43
Loja C,2025-02-11,21.34,56.89,39.03,33.42,27.97,55.97,24.64
Loja C,2025-02-12,20.62,62.79,1.53,13.05,17.95,65.7,37.52
Loja C,2025-02-13,12.21,11.36,66.95,11.39,19.93,24.03,48.12
Loja C,2025-02-14,22.35,9.68,51.06,50.3,91.82,40.12,10.93
Loja C,2025-02-15,88.96,23.96,59.38,86.95,35.48,32.35,40.22
Loja C,2025-02-16,45.73,66.15,28.93,34.21,21.76,21.67,15.89
Loja C,2025-02-17,22.99,14.23,61.01,52.3,30.72,39.45,15.91
Loja C,2025-02-18,32.24,72.23,70.58,93.03,60.92,42.01,58.74
Loja C,2025-02-19,11.77,55.74,62.35,31.83,34.56,26.93,31.1
Loja C,2025-02-20,37.75,40.66,16.14,18.77,52.33,43.43,17.33
Loja C,2025-02-21,30.03,101.84,3.42,1.56,3.51,128.27,13.12
Loja C,2025-02-22,25.77,49.33,47.05,27.18,83.02,57.16,19.52
Loja C,2025-02-23,13.72,37.29,59.07,103.4,41.93,24.86,78.16
Loja C,2025-02-24,71.1,56.75,11.3,25.91,28.66,56.77,5.11
Loja C,2025-02-25,24.31,33.8,27.87,96.26,66.57,66.45,22.86
Loja C,2025-02-26,38.02,15.84,16.26,66.99,59.48,14.83,36.2
Loja C,2025-02-27,7.96,48.78,14.51,36.28,101.28,12.86,43.12
Loja C,2025-02-28,32.4,11.84,18.31,45.8,28.33,84.75,47.36
Loja C,2025-03-01,13.78,61.12,66.31,40.97,50.19,40.56,76.43
Loja C,2025-03-02,70.37,7.93,7.06,28.73,58.53,74.55,25.19
Loja C,2025-03-03,28.14,26.38,31.34,37.59,23.01,26.31,44.25
Loja C,2025-03-04,10.56,107.8,57.44,82.26,15.38,20.36,2.41
Loja C,2025-03-05,34.59,35.39,41.04,6.51,32.54,42.73,47.63
Loja C,2025-03-06,21.12,118.43,27.93,37.31,25.43,21.39,53.38
Loja C,2025-03-07,6.84,55.67,36.66,29.13,11.24,34.44,52.97
Loja C,2025-03-08,37.8,31.75,27.56,23.38,12.07,52.25,39.75
Loja C,2025-03-09,54.6,23.04,29.21,11.41,7.27,35.8,3.42
Loja C,2025-03-10,42.96,20.51,132.22,33.99,50.49,19.02,72.84
Loja C,2025-03-11,76.8,64.97,116.22,12.85,53.2,17.4,13.38
Loja C,2025-03-12,32.56,39.97,30.8,10.09,35.11,32.94,13.88
Loja C,2025-03-13,86.77,109.29,36.83,1.68,33.23,70.25,33.83
Loja C,2025-03-14,30.59,53.88,133.28,42.76,37.12,80.91,46.68
Loja C,2025-03-15,100.67,13.63,13.8,16.37,62.01,42.93,27.24
Loja C,2025-03-16,43.16,68.48,26.1,56.92,23.6,7.69,33.85
Loja C,2025-03-17,6.69,25.78,37.4,16.49,50.78,27.78,51.9
Loja C,2025-03-18,32.97,28.51,16.6,34.24,37.62,43.64,40.62
Loja C,2025-03-19,9.96,66.47,44.78,34.93,43.31,49.32,112.49
Loja C,2025-03-20,21.13,21.62,12.89,4.74,45.61,115.51,26.79
Loja C,2025-03-21,76.4,27.13,73.95,43.06,34.47,21.35,35.78
Loja C,2025-03-22,61.15,19.09,31.73,39.22,59.74,36.56,27.34
Loja C,2025-03-23,41.14,72.76,46.53,32.36,35.29,13.59,56.34
Loja C,2025-03-24,10.24,23.95,29.48,23.91,14.2,19.45,9.65
Loja C,2025-03-25,92.46,21.82,20.1,115.14,7.29,50.3,34.71
Loja C,2025-03-26,14.4,36.64,102.45,50.01,45.47,11.18,16.71
Loja C,2025-03-27,7.93,35.6,34.48,16.8,61.35,10.43,18.01
Loja C,2025-03-28,36.49,11.82,26.29,19.18,40.56,9.52,3.76
Loja C,2025-03-29,11.35,62.01,58.92,15.07,31.68,33.81,9.01
Loja C,2025-03-30,19.6,28.43,2.88,36.36,47.29,39.29,55.2
Loja C,2025-03-31,45.61,61.05,4.23,24.3,13.65,4.38,29.79
Loja C,2025-04-01,63.33,20.31,42.48,76.8,27.14,68.66,64.13
Loja C,2025-04-02,41.55,10.88,4.12,18.22,23.11,27.12,50.92
Loja C,2025-04-03,17.54,51.87,96.31,28.96,38.58,92.41,56.63
Loja C,2025-04-04,18.05,101.41,37.93,19.88,6.69,17.72,36.72
Loja C,2025-04-05,13.68,15.7,79.41,38.39,7.97,53.5,4.15
Loja C,2025-04-06,36.72,33.37,133.65,66.6,31.99,59.63,4.63
Loja C,2025-04-07,33.08,19.16,36.07,3.95,52.46,45.79,68.12
Loja C,2025-04-08,23.03,53.88,107.17,25.98,9.25,51.56,24.16
Loja C,2025-04-09,13.05,15.56,7.92,13.11,43.36,44.55,16.96
Loja C,2025-04-10,129.24,35.52,41.39,47.96,17.87,61.92,6.89
Loja C,2025-04-11,11.74,18.02,38.6,9.9,10.83,85.48,78.17
Loja C,2025-04-12,9.5,16.54,31.37,50.03,22.67,20.43,71.74
Loja C,2025-04-13,17.93,25.82,46.61,48.06,44.57,42.69,38.76
Loja C,2025-04-14,27.14,61.83,49.83,19.96,26.29,10.73,22.3
Loja C,2025-04-15,12.11,63.03,147.54,11.19,28.5,24.97,3.45
Loja C,2025-04-16,18.59,104.37,36.68,28.86,12.28,57.17,21.57
Loja C,2025-04-17,17.61,53.21,28.67,14.03,56.32,35.73,56.79
Loja C,2025-04-18,29.82,155.02,6.61,143.6,20.04,7.02,38.28
Loja C,2025-04-19,71.47,44.28,5.45,6.2,7.7,18.51,9.02
Loja C,2025-04-20,26.16,4.41,27.58,42.56,71.36,37.77,82.02
Loja C,2025-04-21,37.82,10.46,24.03,17.69,33.98,3.11,76.96
Loja C,2025-04-22,51.64,31.83,149.83,103.69,48.16,32.83,26.04
Loja C,2025-04-23,24.46,17.18,17.28,30.39,67.75,30.12,8.57
Loja C,2025-04-24,24.98,13.25,90.74,3.42,32.5,12.05,26.01
Loja C,2025-04-25,32.11,59.17,22.46,31.36,77.36,77.21,125.97
Loja C,2025-04-26,14.14,127.35,24.75,88.76,57.42,21.46,110.52
Loja C,2025-04-27,82.37,10.06,22.96,52.07,8.4,29.5,67.78
Loja C,2025-04-28,29.49,37.83,64.25,44.39,29.31,87.82,34.98
Loja C,2025-04-29,32.13,86.75,45.68,12.49,13.98,17.62,66.38
Loja C,2025-04-30,61.47,37.29,14.15,24.23,80.86,28.73,27.79
Loja C,2025-05-01,18.86,67.85,16.51,55.62,21.67,48.34,40.05
Loja C,2025-05-02,30.88,24.92,43.18,39.73,19.68,73.25,62.44
Loja C,2025-05-03,14.43,16.04,4.99,58.18,25.83,32.74,15.52
Loja C,2025-05-04,32.8,41.43,9.55,40.75,39.18,83.98,42.62
Loja C,2025-05-05,14.01,15.15,38.8,25.18,55.11,9.15,59.97
Loja C,2025-05-06,37.83,85.41,30.17,14.57,13.26,42.62,10.84
Loja C,2025-05-07,126.57,29.24,91.65,6.62,1.91,17.74,44.63
Loja C,2025-05-08,36.16,20.19,44.16,27.12,11.18,101.04,1.71
Loja C,2025-05-09,40.16,34.45,35.14,68.97,12.9,12.27,69.09
Loja C,2025-05-10,51.52,88.19,28.21,27.48,64.09,79.88,11.31
Loja C,2025-05-11,122.0,22.84,39.88,50.93,70.28,56.91,35.75
Loja C,2025-05-12,56.52,24.99,21.14,34.86,77.04,50.1,23.32
Loja C,2025-05-13,31.6,66.38,41.32,37.63,38.27,11.91,5.48
Loja C,2025-05-14,71.8,34.66,39.05,23.96,89.2,22.24,26.93
Loja C,2025-05-15,70.8,22.87,39.5,9.71,15.69,8.24,35.97
Loja C,2025-05-16,37.77,39.48,27.7,28.9,19.5,24.88,10.23
Loja C,2025-05-17,44.09,58.83,29.68,29.0,36.06,87.58,31.65
Loja C,2025-05-18,33.81,153.17,28.2,43.27,41.96,25.32,45.36
Loja C,2025-05-19,8.82,28.94,15.36,46.19,7.42,53.39,1.49
Loja C,2025-05-20,44.05,13.15,20.27,27.8,91.88,13.01,32.62
Loja C,2025-05-21,75.22,33.76,48.95,68.24,19.87,21.93,12.8
Loja C,2025-05-22,75.83,101.4,9.62,40.64,20.08,21.08,50.89
Loja C,2025-05-23,34.72,47.57,99.53,42.15,52.18,66.5,18.4
Loja C,2025-05-24,55.74,20.63,10.63,44.85,11.81,34.9,29.07
Loja C,2025-05-25,82.93,11.74,42.34,16.8,7.45,4.07,12.17
Loja C,2025-05-26,11.67,4.28,61.01,72.32,17.71,23.37,27.45
Loja C,2025-05-27,66.4,67.33,41.78,40.76,21.73,4.14,26.62
Loja C,2025-05-28,75.45,19.17,24.71,57.29,23.86,27.43,58.2
Loja C,2025-05-29,4.06,11.38,107.94,57.91,63.34,40.99,44.84
Loja C,2025-05-30,19.72,26.5,64.67,22.51,19.17,32.46,41.21
Loja C,2025-05-31,78.68,174.63,14.41,53.3,35.33,5.34,90.67
Loja C,2025-06-01,24.14,22.97,90.65,31.67,73.28,27.42,48.05
Loja C,2025-06-02,30.05,16.59,49.18,57.37,33.37,4.16,11.78
Loja C,2025-06-03,21.54,85.91,31.98,84.88,67.25,22.92,38.77
Loja C,2025-06-04,58.41,17.36,55.32,50.7,16.52,47.34,30.78
Loja C,2025-06-05,9.39,21.55,20.89,96.28,11.97,19.14,44.26
Loja C,2025-06-06,34.72,28.49,28.07,63.8,16.84,12.8,4.0
Loja C,2025-06-07,22.53,9.94,25.88,5.73,25.57,41.72,32.19
Loja C,2025-06-08,52.0,71.63,40.91,32.8,45.22,41.97,58.77
Loja C,2025-06-09,34.48,10.87,69.25,6.14,55.31,44.49,45.35
Loja C,2025-06-10,35.23,18.5,30.55,76.1,46.4,46.77,77.4
Loja C,2025-06-11,83.62,57.11,115.86,46.18,56.97,65.83,80.82
Loja C,2025-06-12,15.27,10.02,11.58,22.65,67.41,27.59,30.73
Loja C,2025-06-13,10.03,11.15,22.04,17.74,57.88,9.98,12.39
Loja C,2025-06-14,41.86,27.88,26.05,66.82,26.67,34.25,22.22
Loja C,2025-06-15,30.8,59.24,24.46,38.33,24.73,3.81,18.19
Loja C,2025-06-16,21.72,34.02,51.05,28.68,24.08,40.45,32.82
Loja C,2025-06-17,9.9,85.24,25.51,32.82,7.97,69.61,22.82
Loja C,2025-06-18,91.41,31.61,48.89,24.58,10.65,44.15,43.81
Loja C,2025-06-19,2.82,9.63,68.56,22.94,53.25,120.62,45.82
Loja C,2025-06-20,32.01,18.01,40.55,44.0,34.67,54.75,11.66
Loja C,2025-06-21,35.16,32.12,20.44,43.24,10.58,17.04,25.01
Loja C,2025-06-22,28.15,44.87,48.32,16.58,90.88,42.94,109.15
Loja C,2025-06-23,79.68,20.89,10.53,8.15,3.31,38.78,19.5
Loja C,2025-06-24,50.4,20.37,16.4,48.22,127.44,78.42,48.8
Loja C,2025-06-25,73.15,45.19,2.84,55.37,47.64,63.34,19.38
Loja C,2025-06-26,70.16,11.48,36.69,32.5,1.61,21.33,47.15
Loja C,2025-06-27,21.81,85.43,38.91,26.7,70.42,23.46,12.46
Loja C,2025-06-28,49.82,10.37,22.15,33.96,26.45,193.48,45.53
Loja C,2025-06-29,30.18,19.87,42.69,72.46,6.93,41.87,28.82
Loja C,2025-06-30,57.38,34.28,46.66,113.87,58.71,26.31,14.14
Loja C,2025-07-01,28.88,14.34,36.6,36.68,8.56,35.85,91.8
Loja C,2025-07-02,34.88,24.08,55.54,29.37,31.23,70.42,15.25
Loja C,2025-07-03,62.5,8.1,122.5,15.65,35.44,82.21,8.32
Loja C,2025-07-04,21.86,59.11,5.42,47.46,42.54,4.63,3.84
Loja C,2025-07-05,3.31,41.07,17.79,7.48,65.62,86.55,82.96
Loja C,2025-07-06,35.57,4.05,7.15,11.52,18.75,81.41,43.44
Loja C,2025-07-07,34.0,36.9,63.03,60.25,33.66,72.16,22.21
Loja C,2025-07-08,57.78,70.8,62.64,13.68,27.84,5.07,9.56
Loja C,2025-07-09,26.42,35.03,43.31,9.36,29.51,64.78,39.76
Loja C,2025-07-10,49.12,35.05,17.38,12.64,27.82,53.49,15.0
Loja C,2025-07-11,21.64,33.52,97.64,41.87,40.94,24.59,100.15
Loja C,2025-07-12,35.8,66.62,12.68,30.32,177.85,36.52,23.79
Loja C,2025-07-13,68.39,25.82,27.25,5.62,3.04,44.95,22.01
Loja C,2025-07-14,51.29,42.65,35.18,27.41,15.98,14.78,7.98
Loja C,2025-07-15,32.43,97.76,128.82,15.46,61.45,80.89,19.35
Loja C,2025-07-16,55.39,72.52,7.85,46.4,12.82,47.81,33.28
Loja C,2025-07-17,6.13,18.08,16.19,70.56,30.96,14.93,51.75
Loja C,2025-07-18,26.3,38.79,29.02,125.86,38.53,56.15,70.34
Loja C,2025-07-19,31.22,82.11,61.86,3.61,17.25,31.6,34.51
Loja C,2025-07-20,19.77,45.38,25.71,32.29,24.83,27.61,13.54
Loja C,2025-07-21,42.58,49.8,9.43,20.18,34.11,94.89,13.35
Loja C,2025-07-22,25.56,22.21,40.77,13.21,19.14,123.55,4.21
Loja C,2025-07-23,31.17,32.49,22.89,69.6,38.14,101.02,5.99
Loja C,2025-07-24,45.21,40.24,48.3,65.48,83.63,113.39,10.64
Loja C,2025-07-25,45.87,72.48,30.78,14.43,14.69,18.36,43.0
Loja C,2025-07-26,19.26,33.86,7.86,7.83,51.86,1.36,87.2
Loja C,2025-07-27,43.33,9.62,41.49,22.8,14.03,74.93,48.7
Loja C,2025-07-28,19.83,16.77,104.92,44.18,34.41,16.6,16.31
Loja C,2025-07-29,124.26,53.76,31.98,8.78,21.61,43.99,72.4
Loja C,2025-07-30,36.35,71.67,36.61,67.5,27.01,67.6,22.58
Loja C,2025-07-31,55.68,38.97,2.73,17.58,154.59,48.45,21.65
Loja C,2025-08-01,8.58,35.42,47.91,21.45,40.77,75.39,15.08
Loja C,2025-08-02,20.63,6.65,77.83,24.34,98.2,2.05,42.47
Loja C,2025-08-03,50.94,48.51,61.2,39.04,37.34,7.16,30.3
Loja C,2025-08-04,38.06,18.04,15.84,48.01,57.04,16.85,27.47
Loja C,2025-08-05,43.14,18.35,32.85,39.91,110.13,27.82,5.65
Loja C,2025-08-06,7.63,18.27,24.91,72.27,29.02,48.72,84.97
Loja C,2025-08-07,55.52,25.4,30.48,33.05,88.81,67.95,65.23
Loja C,2025-08-08,46.14,39.21,29.23,11.02,54.59,21.14,60.54
Loja C,2025-08-09,4.3,13.19,66.39,89.08,60.19,15.09,70.09
Loja C,2025-08-10,16.09,70.64,12.16,23.4,1.51,13.06,54.22
Loja C,2025-08-11,116.75,73.82,58.62,7.71,23.72,99.65,34.67
Loja C,2025-08-12,10.61,23.62,3.32,63.07,8.65,33.44,10.26
Loja C,2025-08-13,38.27,60.63,21.3,82.54,56.22,49.55,80.72
Loja C,2025-08-14,38.79,24.97,44.86,10.91,64.84,64.9,27.89
Loja C,2025-08-15,20.06,39.61,9.26,24.5,77.86,13.28,85.17
Loja C,2025-08-16,46.55,51.03,20.33,15.26,26.78,102.31,19.38
Loja C,2025-08-17,2.56,36.51,74.43,39.94,106.93,53.8,40.33
Loja C,2025-08-18,26.5,49.04,7.32,102.44,60.79,60.54,32.32
Loja C,2025-08-19,83.53,28.85,21.5,34.9,62.25,18.41,15.77
Loja C,2025-08-20,15.22,22.83,66.63,38.41,11.38,141.85,9.74
Loja C,2025-08-21,22.98,14.67,18.85,35.21,28.12,16.93,42.47
Loja C,2025-08-22,47.3,53.64,35.65,45.86,52.71,19.16,120.29
Loja C,2025-08-23,99.94,61.59,25.12,4.37,5.77,26.75,100.45
Loja C,2025-08-24,29.09,14.48,15.34,99.02,27.22,95.03,13.72
Loja C,2025-08-25,16.07,22.37,48.22,56.93,17.89,19.9,8.17
Loja C,2025-08-26,7.87,14.78,88.9,14.59,35.78,24.79,13.59
Loja C,2025-08-27,51.79,20.43,63.84,65.21,21.17,57.94,57.75
Loja C,2025-08-28,26.14,23.42,42.57,114.35,73.96,35.12,4.36
Loja C,2025-08-29,32.37,4.28,6.81,16.62,35.83,18.47,78.97
Loja C,2025-08-30,32.56,19.18,54.72,17.32,36.5,1.99,17.06
Loja C,2025-08-31,75.49,46.43,39.64,51.95,75.92,32.04,21.18
Loja C,2025-09-01,57.53,28.0,20.79,25.23,46.25,5.2,46.86
Loja C,2025-09-02,11.91,18.38,9.22,53.47,39.75,11.94,59.65
Loja C,2025-09-03,6.92,23.99,8.66,28.58,20.81,10.75,32.9
Loja C,2025-09-04,12.79,2.86,6.65,23.66,26.46,15.91,85.72
Loja C,2025-09-05,41.96,44.4,14.48,12.86,37.74,26.11,40.4
Loja C,2025-09-06,25.83,55.08,33.15,28.61,47.06,93.73,52.76
Loja C,2025-09-07,10.0,27.94,28.69,41.2,23.53,32.39,34.42
Loja C,2025-09-08,39.6,9.94,11.37,113.11,3.84,34.13,52.74
Loja C,2025-09-09,13.49,73.73,33.36,95.73,14.68,28.19,21.73
Loja C,2025-09-10,19.27,20.26,24.95,23.44,57.1,53.86,7.35
Loja C,2025-09-11,20.24,42.74,39.89,27.02,32.28,23.95,60.67
Loja C,2025-09-12,56.15,25.57,31.08,25.64,29.08,67.14,23.44
Loja C,2025-09-13,19.42,30.91,25.43,17.04,51.02,55.05,35.61
Loja C,2025-09-14,18.6,60.92,10.86,27.31,110.73,36.24,24.58
Loja C,2025-09-15,44.41,44.37,72.14,16.02,45.53,30.89,33.84
Loja C,2025-09-16,30.01,29.62,7.48,22.54,30.21,41.45,34.03
Loja C,2025-09-17,33.04,48.34,81.16,27.18,15.81,60.44,45.19
Loja C,2025-09-18,25.57,61.63,15.36,27.35,24.87,63.72,39.38
Loja C,2025-09-19,11.57,134.38,47.03,18.39,77.12,31.91,28.6
Loja C,2025-09-20,29.97,31.66,30.9,28.86,20.98,17.25,35.94
Loja C,2025-09-21,17.53,40.36,74.62,31.57,37.14,63.85,26.97
Loja C,2025-09-22,20.0,1.97,34.78,20.19,25.5,3.6,25.45
Loja C,2025-09-23,12.04,9.99,13.55,12.13,56.84,66.21,35.23
Loja C,2025-09-24,94.3,24.41,15.24,30.27,13.8,32.7,49.23
Loja C,2025-09-25,13.57,82.22,115.14,101.7,5.13,21.08,38.59
Loja C,2025-09-26,8.76,9.64,4.67,32.51,40.51,64.15,45.15
Loja C,2025-09-27,50.51,6.19,37.54,29.6,18.19,23.36,40.69
Loja C,2025-09-28,52.64,105.7,42.39,56.48,55.13,66.74,11.95
Loja C,2025-09-29,33.19,14.29,15.15,43.31,43.81,42.07,19.81
Loja C,2025-09-30,33.93,25.41,42.01,65.4,13.62,31.26,56.45
Loja C,2025-10-01,6.85,60.07,3.37,11.91,30.12,24.83,22.53
Loja C,2025-10-02,99.85,10.51,44.53,102.4,57.6,40.93,37.37
Loja C,2025-10-03,22.32,21.0,8.63,62.78,9.53,29.61,24.26
Loja C,2025-10-04,36.06,48.93,21.75,11.85,17.53,14.05,104.19
Loja C,2025-10-05,74.89,8.36,24.51,13.51,17.87,19.96,14.9
Loja C,2025-10-06,58.95,40.01,37.74,80.5,56.15,31.78,38.34
Loja C,2025-10-07,62.63,59.85,2.6,43.3,33.84,50.76,5.07
Loja C,2025-10-08,66.43,52.86,23.4,94.39,11.71,36.64,19.69
Loja C,2025-10-09,16.27,29.38,5.61,52.88,143.5,11.3,79.65
Loja C,2025-10-10,63.87,7.38,10.6,36.13,50.67,67.6,30.2
Loja C,2025-10-11,32.87,8.41,80.11,64.78,45.52,31.1,79.52
Loja C,2025-10-12,11.11,38.25,106.11,10.93,123.35,61.62,52.04
Loja C,2025-10-13,78.16,68.39,7.32,7.05,20.37,41.02,71.22
Loja C,2025-10-14,26.3,16.4,59.04,25.46,42.9,32.49,17.24
Loja C,2025-10-15,17.97,10.94,73.4,23.0,16.68,5.02,3.93
Loja C,2025-10-16,11.66,42.44,33.51,24.94,11.74,4.47,16.87
Loja C,2025-10-17,25.25,53.75,7.59,23.61,11.25,19.83,118.88
Loja C,2025-10-18,13.97,11.63,170.48,49.13,46.58,14.6,117.35
Loja C,2025-10-19,8.15,67.9,74.4,85.87,92.7,26.16,40.25
Loja C,2025-10-20,33.55,12.66,24.82,74.51,8.71,57.86,59.8
Loja C,2025-10-21,34.7,62.16,13.03,11.03,22.72,41.34,111.59
Loja C,2025-10-22,34.59,22.94,72.59,9.36,7.58,113.03,16.5
Loja C,2025-10-23,87.21,80.09,64.14,72.38,70.59,3.0,42.37
Loja C,2025-10-24,35.81,20.42,25.36,30.05,25.9,78.49,26.07
Loja C,2025-10-25,166.21,18.43,23.07,28.14,16.27,28.01,19.93
Loja C,2025-10-26,58.1,22.43,14.4,24.62,31.83,26.82,170.56
Loja C,2025-10-27,47.7,10.5,53.29,41.36,48.98,53.02,84.6
Loja C,2025-10-28,29.71,32.08,18.06,39.26,16.5,13.29,105.99
Loja C,2025-10-29,31.51,48.25,20.42,120.8,27.76,92.99,48.19
Loja C,2025-10-30,35.32,42.81,31.28,29.68,40.64,4.74,20.4
Loja C,2025-10-31,58.14,61.58,145.24,67.97,64.55,43.76,77.09
Loja C,2025-11-01,37.93,35.2,35.96,75.94,35.63,47.62,21.96
Loja C,2025-11-02,115.01,26.39,34.52,64.15,84.15,36.83,58.06
Loja C,2025-11-03,16.88,41.43,57.52,92.02,10.75,14.44,7.03
Loja C,2025-11-04,12.05,79.14,21.43,35.9,14.95,23.58,107.84
Loja C,2025-11-05,44.08,51.79,31.24,73.01,71.69,28.56,34.22
Loja C,2025-11-06,81.35,35.78,25.97,27.48,23.43,35.44,24.06
Loja C,2025-11-07,35.37,19.0,44.73,49.56,55.8,50.21,69.24
Loja C,2025-11-08,37.56,35.14,21.17,59.53,22.31,6.42,20.33
Loja C,2025-11-09,62.7,54.24,41.39,137.15,44.89,17.57,16.23
Loja C,2025-11-10,50.16,89.71,34.78,45.88,47.62,140.59,66.53
Loja C,2025-11-11,77.85,16.96,22.25,20.86,29.01,36.85,43.59
Loja C,2025-11-12,32.95,20.46,14.0,46.87,56.95,30.0,7.59
Loja C,2025-11-13,66.06,29.02,10.4,34.46,69.19,25.13,2.44
Loja C,2025-11-14,27.86,19.62,39.27,35.07,23.42,22.28,83.17
Loja C,2025-11-15,49.96,48.84,63.51,28.83,98.12,43.92,37.85
Loja C,2025-11-16,43.52,27.78,20.39,73.76,12.89,13.92,32.02
Loja C,2025-11-17,17.11,7.62,13.49,17.53,45.34,30.16,65.44
Loja C,2025-11-18,12.82,14.9,40.49,19.68,26.68,13.65,12.81
Loja C,2025-11-19,19.07,68.07,10.16,73.47,63.74,23.37,34.97
Loja C,2025-11-20,42.89,54.91,14.88,59.38,37.09,15.86,37.39
Loja C,2025-11-21,15.71,34.05,24.22,38.86,40.53,80.24,52.73
Loja C,2025-11-22,46.43,7.16,66.59,25.04,13.66,122.91,19.66
Loja C,2025-11-23,86.06,43.29,50.18,34.27,16.23,57.04,41.09
Loja C,2025-11-24,40.66,36.56,28.37,57.32,49.24,61.75,29.36
Loja C,2025-11-25,27.56,22.55,37.33,7.52,162.22,20.69,78.41
Loja C,2025-11-26,24.6,52.22,103.73,50.21,99.83,75.35,15.29
Loja C,2025-11-27,57.66,44.81,19.32,71.04,12.45,67.98,58.19
Loja C,2025-11-28,37.91,21.54,57.1,5.33,18.27,34.67,37.93
Loja C,2025-11-29,18.65,19.05,51.33,15.69,26.3,12.4,36.11
Loja C,2025-11-30,29.74,4.82,10.18,81.73,19.98,45.64,14.77
Loja C,2025-12-01,89.81,7.01,76.35,37.83,56.08,82.54,42.09
Loja C,2025-12-02,105.69,81.64,54.85,73.1,35.15,16.37,147.49
Loja C,2025-12-03,36.97,43.58,10.69,85.96,42.73,51.3,56.27
Loja C,2025-12-04,19.52,84.42,46.11,5.19,73.29,32.7,21.3
Loja C,2025-12-05,7.83,26.32,24.05,78.73,22.53,9.57,51.69
Loja C,2025-12-06,81.42,27.72,119.51,72.67,86.29,50.65,46.72
Loja C,2025-12-07,21.72,102.36,91.33,103.82,35.29,28.1,61.06
Loja C,2025-12-08,25.01,35.59,5.93,43.75,54.73,87.59,62.69
Loja C,2025-12-09,70.15,114.37,18.53,15.82,41.58,14.16,45.86
Loja C,2025-12-10,14.64,17.46,7.93,43.27,11.25,52.36,58.54
Loja C,2025-12-11,20.36,64.23,59.34,75.32,18.92,18.27,56.4
Loja C,2025-12-12,41.16,44.03,89.56,67.27,59.39,54.81,71.29
Loja C,2025-12-13,31.5,13.73,22.46,20.18,1.92,54.88,28.36
Loja C,2025-12-14,31.94,23.6,35.71,98.4,7.79,110.44,42.93
Loja C,2025-12-15,24.88,27.34,17.19,5.22,14.73,35.82,29.91
Loja C,2025-12-16,50.1,23.78,21.23,135.47,17.58,18.55,70.49
Loja C,2025-12-17,59.24,26.3,62.64,39.07,23.99,56.51,36.28
Loja C,2025-12-18,5.6,56.56,32.43,93.33,64.61,41.33,26.9
Loja C,2025-12-19,35.55,16.83,41.33,97.99,119.32,79.73,39.62
Loja C,2025-12-20,9.57,33.94,67.51,62.46,31.54,29.64,47.35
Loja C,2025-12-21,37.19,33.8,32.58,87.2,14.91,28.31,29.58
Loja C,2025-12-22,40.41,36.33,34.55,15.76,36.29,55.54,41.42
Loja C,2025-12-23,14.66,38.56,36.79,27.46,41.75,21.77,57.21
Loja C,2025-12-24,114.61,60.63,18.98,55.09,64.74,46.81,50.25
Loja C,2025-12-25,33.85,12.66,32.14,16.65,30.06,23.4,15.7
Loja C,2025-12-26,84.93,35.78,24.04,8.22,62.49,42.41,125.26
Loja C,2025-12-27,20.36,80.44,32.13,17.42,26.27,38.99,24.06
Loja C,2025-12-28,13.08,16.9,51.77,15.09,21.57,15.59,43.18
Loja C,2025-12-29,165.63,50.28,19.57,43.15,20.58,40.31,91.68
Loja C,2025-12-30,34.37,45.32,35.47,66.23,56.19,27.19,56.21
Loja C,2025-12-31,40.55,25.5,25.84,39.68,44.85,31.55,45.62
Loja D,2025-01-01,19.13,14.52,9.44,51.19,8.62,45.29,24.34
Loja D,2025-01-02,27.87,28.18,147.17,22.08,16.5,110.5,10.43
Loja D,2025-01-03,12.86,63.3,46.38,25.76,14.86,4.91,94.96
Loja D,2025-01-04,56.31,88.27,71.32,48.04,21.59,14.91,76.01
Loja D,2025-01-05,24.38,15.66,20.36,79.14,17.05,25.87,32.16
Loja D,2025-01-06,41.28,15.93,31.36,64.12,125.38,13.54,15.52
Loja D,2025-01-07,17.56,53.79,14.42,30.54,28.2,132.53,21.93
Loja D,2025-01-08,20.89,53.76,43.05,19.75,82.82,10.13,32.93
Loja D,2025-01-09,26.81,30.83,19.6,31.35,39.65,2.88,23.6
Loja D,2025-01-10,17.69,105.82,46.92,16.85,22.61,27.6,22.22
Loja D,2025-01-11,49.43,94.16,0.97,26.31,124.96,27.14,41.31
Loja D,2025-01-12,3.9,82.19,13.32,46.11,15.61,1.86,43.12
Loja D,2025-01-13,57.2,32.19,11.86,141.16,55.69,38.44,73.46
Loja D,2025-01-14,22.2,112.71,56.41,68.8,25.9,13.01,38.86
Loja D,2025-01-15,23.0,121.43,9.83,86.97,6.84,15.56,6.68
Loja D,2025-01-16,22.25,28.77,19.97,46.07,28.95,4.05,14.81
Loja D,2025-01-17,25.68,71.34,37.02,23.19,8.68,38.24,82.89
Loja D,2025-01-18,26.59,16.14,51.16,73.28,29.53,55.43,24.18
Loja D,2025-01-19,57.3,85.71,63.3,49.69,105.0,27.65,49.67
Loja D,2025-01-20,28.39,49.69,55.81,66.15,35.06,5.52,28.85
Loja D,2025-01-21,54.46,42.9,47.57,58.28,12.99,60.37,108.44
Loja D,2025-01-22,25.68,67.09,36.68,46.63,62.71,42.72,24.45
Loja D,2025-01-23,44.13,16.07,8.86,89.4,48.36,56.23,40.96
Loja D,2025-01-24,6.88,85.29,24.5,28.57,78.44,15.85,26.64
Loja D,2025-01-25,25.15,15.42,37.17,17.36,87.79,8.19,11.46
Loja D,2025-01-26,26.61,34.04,19.73,58.92,29.65,50.37,83.54
Loja D,2025-01-27,102.74,27.12,36.94,42.56,27.83,14.55,69.96
Loja D,2025-01-28,14.56,74.74,47.73,41.39,18.61,4.92,68.75
Loja D,2025-01-29,18.4,49.87,51.79,34.46,41.75,47.24,39.27
Loja D,2025-01-30,16.82,8.28,19.87,25.33,86.55,11.94,95.0
Loja D,2025-01-31,115.84,20.48,113.13,30.68,26.88,86.61,40.37
Loja D,2025-02-01,36.06,19.63,21.15,37.03,86.58,12.01,31.95
Loja D,2025-02-02,9.81,18.76,55.14,15.79,72.21,15.72,21.72
Loja D,2025-02-03,5.55,72.28,65.2,10.08,27.03,25.2,23.46
Loja D,2025-02-04,116.41,23.21,16.52,6.29,17.27,86.38,40.04
Loja D,2025-02-05,40.11,18.19,77.41,50.48,23.74,14.41,32.02
Loja D,2025-02-06,15.5,29.18,37.36,18.89,2.7,46.24,19.38
Loja D,2025-02-07,37.12,30.19,103.38,34.16,64.75,24.77,15.74
Loja D,2025-02-08,47.71,18.23,56.94,11.22,43.27,33.46,90.35
Loja D,2025-02-09,46.52,30.56,60.04,2.65,50.78,54.02,58.43
Loja D,2025-02-10,55.52,49.28,25.69,37.98,20.33,16.8,26.56
Loja D,2025-02-11,29.28,44.84,81.05,63.92,42.27,74.34,34.41
Loja D,2025-02-12,49.81,25.77,33.75,27.72,7.58,7.76,10.19
Loja D,2025-02-13,42.49,82.27,74.15,50.19,22.34,16.36,37.09
Loja D,2025-02-14,21.87,9.31,14.25,25.62,80.41,6.62,11.6
Loja D,2025-02-15,27.35,17.94,46.06,27.96,9.14,22.25,38.27
Loja D,2025-02-16,54.16,11.48,40.14,26.15,73.71,22.49,9.37
Loja D,2025-02-17,19.02,5.13,6.58,46.35,42.64,48.21,20.57
Loja D,2025-02-18,14.57,129.02,36.68,13.08,87.85,79.36,51.83
Loja D,2025-02-19,29.01,16.51,23.22,72.07,18.33,11.06,51.22
Loja D,2025-02-20,32.02,18.94,20.42,3.87,21.62,67.57,14.75
Loja D,2025-02-21,142.88,32.54,8.59,39.19,14.71,52.07,75.33
Loja D,2025-02-22,59.6,58.64,23.26,15.08,47.83,16.12,23.92
Loja D,2025-02-23,16.67,18.45,50.55,17.52,51.21,75.05,21.06
Loja D,2025-02-24,12.63,65.02,41.02,17.09,24.95,43.58,7.49
Loja D,2025-02-25,96.76,61.38,33.03,93.52,83.43,28.14,26.44
Loja D,2025-02-26,27.29,48.93,46.22,5.11,43.96,43.76,27.52
Loja D,2025-02-27,34.58,6.33,10.75,16.1,49.39,77.54,47.1
Loja D,2025-02-28,36.02,54.76,1.76,73.28,29.68,67.08,52.3
Loja D,2025-03-01,17.08,39.45,18.42,45.87,104.58,46.02,16.4
Loja D,2025-03-02,61.44,15.6,75.43,13.15,68.71,21.58,49.49
Loja D,2025-03-03,61.88,39.09,23.66,40.2,29.68,33.83,7.5
Loja D,2025-03-04,53.7,38.23,5.58,24.91,3.36,34.41,48.43
Loja D,2025-03-05,19.0,17.82,23.86,17.73,15.03,4.67,17.23
Loja D,2025-03-06,7.76,73.09,82.07,46.43,70.62,15.98,48.12
Loja D,2025-03-07,47.22,40.66,23.29,32.55,39.48,38.79,14.21
Loja D,2025-03-08,78.68,34.56,56.17,20.67,45.93,36.37,15.61
Loja D,2025-03-09,32.93,25.66,27.82,63.26,30.09,60.64,49.13
Loja D,2025-03-10,35.69,65.76,62.23,35.75,37.81,66.25,51.34
Loja D,2025-03-11,78.13,29.61,12.03,18.5,5.14,17.47,50.95
Loja D,2025-03-12,29.99,15.5,21.08,40.69,21.99,27.42,8.01
Loja D,2025-03-13,71.98,78.99,16.24,24.91,4.44,67.99,10.5
Loja D,2025-03-14,31.8,13.45,32.36,59.34,48.89,51.49,9.38
Loja D,2025-03-15,31.18,112.81,38.94,33.28,26.61,36.33,32.28
Loja D,2025-03-16,100.12,56.84,29.41,54.89,17.4,31.9,21.98
Loja D,2025-03-17,52.35,30.16,35.94,28.42,42.04,52.93,79.15
Loja D,2025-03-18,26.37,14.18,43.69,11.03,25.76,8.35,172.35
Loja D,2025-03-19,72.43,67.89,81.8,62.92,39.12,39.94,76.57
Loja D,2025-03-20,79.99,15.32,29.52,35.02,64.25,17.52,15.91
Loja D,2025-03-21,10.2,22.31,25.52,91.76,59.3,64.22,13.75
Loja D,2025-03-22,28.19,54.3,36.93,47.99,10.37,35.82,56.34
Loja D,2025-03-23,14.19,6.19,13.66,75.9,11.82,33.74,5.94
Loja D,2025-03-24,15.9,38.59,33.17,68.04,44.58,14.18,27.86
Loja D,2025-03-25,23.63,3.34,93.35,34.33,39.0,53.11,53.6
Loja D,2025-03-26,57.61,24.7,22.41,69.82,94.89,5.91,68.11
Loja D,2025-03-27,27.87,31.57,1.78,33.71,20.96,2.9,74.5
Loja D,2025-03-28,38.67,43.04,74.08,54.29,9.93,63.07,7.5
Loja D,2025-03-29,51.39,108.22,51.71,25.53,105.77,38.55,14.58
Loja D,2025-03-30,19.61,19.06,122.2,51.09,52.39,46.4,40.7
Loja D,2025-03-31,22.65,11.63,43.48,103.68,41.87,79.24,5.7
Loja D,2025-04-01,42.03,21.47,13.89,89.38,23.86,51.01,30.76
Loja D,2025-04-02,9.9,56.13,25.27,62.12,16.01,21.8,49.67
Loja D,2025-04-03,17.19,55.48,4.46,11.79,35.45,52.46,36.69
Loja D,2025-04-04,48.2,24.05,4.02,26.59,27.08,74.79,54.7
Loja D,2025-04-05,12.79,2.78,30.61,21.34,98.55,76.37,9.89
Loja D,2025-04-06,53.55,47.74,46.44,163.01,31.4,58.2,63.94
Loja D,2025-04-07,43.66,97.68,39.12,61.64,19.0,11.71,49.41
Loja D,2025-04-08,32.63,34.08,26.06,60.71,38.6,132.15,37.66
Loja D,2025-04-09,45.19,65.99,49.16,12.21,29.03,17.89,47.36
Loja D,2025-04-10,41.32,63.19,69.21,17.87,68.26,75.57,14.7
Loja D,2025-04-11,45.25,85.16,28.66,34.24,45.04,38.07,39.94
Loja D,2025-04-12,53.95,55.46,33.33,104.3,17.81,61.87,2.97
Loja D,2025-04-13,36.05,2.24,37.91,48.71,26.64,35.24,58.35
Loja D,2025-04-14,0.27,23.07,86.88,11.92,19.73,4.3,23.25
Loja D,2025-04-15,32.0,159.1,46.48,24.19,7.65,19.87,16.53
Loja D,2025-04-16,3.38,11.55,24.86,27.98,57.62,89.56,27.47
Loja D,2025-04-17,63.34,24.22,15.25,55.59,23.88,17.16,14.57
Loja D,2025-04-18,6.62,35.16,20.7,65.02,105.47,14.48,9.23
Loja D,2025-04-19,91.37,37.95,36.91,43.48,73.04,72.69,53.74
Loja D,2025-04-20,11.85,5.15,11.95,7.21,58.36,19.49,52.92
Loja D,2025-04-21,33.79,19.24,14.74,18.06,9.37,107.42,30.89
Loja D,2025-04-22,33.83,33.13,57.32,16.59,75.64,25.84,25.0
Loja D,2025-04-23,83.83,16.35,45.43,32.92,19.13,50.89,11.01
Loja D,2025-04-24,18.99,36.0,96.91,90.97,45.94,26.33,3.84
Loja D,2025-04-25,63.81,70.35,45.46,27.31,59.87,32.19,29.24
Loja D,2025-04-26,7.21,57.66,37.03,90.65,20.32,15.39,69.86
Loja D,2025-04-27,80.49,33.76,61.76,25.77,26.93,45.64,26.64
Loja D,2025-04-28,40.69,36.3,12.26,40.53,12.63,58.36,70.7
Loja D,2025-04-29,29.47,97.34,79.48,41.02,27.07,66.51,98.56
Loja D,2025-04-30,43.46,22.47,54.4,33.51,14.72,24.24,70.46
Loja D,2025-05-01,30.74,21.65,82.14,69.02,25.05,113.13,31.92
Loja D,2025-05-02,43.61,35.95,16.85,30.0,33.1,5.43,42.03
Loja D,2025-05-03,63.14,12.78,55.46,72.96,30.37,111.82,41.28
Loja D,2025-05-04,5.14,10.6,42.67,53.42,35.39,40.83,36.19
Loja D,2025-05-05,19.96,36.27,7.88,26.02,50.82,15.95,27.91
Loja D,2025-05-06,38.19,107.49,68.71,7.57,124.91,86.03,40.06
Loja D,2025-05-07,60.97,18.03,33.22,17.09,53.03,150.41,24.9
Loja D,2025-05-08,30.52,34.1,26.03,50.9,72.37,21.48,33.78
Loja D,2025-05-09,55.74,15.75,11.37,21.14,57.75,15.04,22.38
Loja D,2025-05-10,34.02,38.44,30.56,34.61,8.63,20.42,60.84
Loja D,2025-05-11,19.06,39.24,36.43,56.55,62.42,74.65,90.36
Loja D,2025-05-12,15.22,4.09,24.98,14.2,17.14,49.43,71.66
Loja D,2025-05-13,40.01,19.75,41.51,57.94,8.7,26.45,28.27
Loja D,2025-05-14,29.9,16.08,42.24,45.19,14.93,83.69,11.73
Loja D,2025-05-15,19.14,10.66,9.13,37.09,19.09,62.69,16.26
Loja D,2025-05-16,19.31,57.0,12.91,23.08,82.74,1.83,8.72
Loja D,2025-05-17,92.68,45.81,42.09,8.74,36.0,15.19,63.87
Loja D,2025-05-18,65.97,20.88,48.36,43.69,30.29,15.69,23.18
Loja D,2025-05-19,62.13,83.59,24.97,89.47,45.85,31.11,28.34
Loja D,2025-05-20,16.59,50.87,99.97,30.12,13.96,56.98,23.95
Loja D,2025-05-21,16.38,8.3,49.68,74.58,11.0,26.09,28.02
Loja D,2025-05-22,17.43,87.82,7.9,46.19,52.81,17.31,13.74
Loja D,2025-05-23,19.99,5.13,21.44,23.98,113.94,6.22,29.92
Loja D,2025-05-24,58.07,102.0,7.11,111.83,25.99,26.16,11.23
Loja D,2025-05-25,35.2,112.16,34.67,15.8,18.88,19.69,92.5
Loja D,2025-05-26,106.6,7.87,12.1,13.55,20.74,120.59,110.66
Loja D,2025-05-27,33.17,23.0,3.71,38.95,35.69,10.8,45.12
Loja D,2025-05-28,64.67,10.66,21.74,62.38,17.98,20.95,22.17
Loja D,2025-05-29,46.68,71.08,97.79,67.51,32.9,52.81,9.92
Loja D,2025-05-30,131.11,16.45,49.98,37.15,8.89,16.53,74.36
Loja D,2025-05-31,29.62,14.07,26.1,14.07,20.76,6.83,32.89
Loja D,2025-06-01,36.88,21.05,74.11,22.12,29.6,19.96,23.95
Loja D,2025-06-02,54.45,10.24,44.8,17.86,10.71,24.61,49.61
Loja D,2025-06-03,24.16,14.59,108.05,40.49,33.82,48.55,52.36
Loja D,2025-06-04,21.87,59.84,8.5,50.71,23.07,75.74,21.74
Loja D,2025-06-05,66.39,41.46,58.12,34.41,5.83,71.95,75.24
Loja D,2025-06-06,24.95,18.44,61.58,40.94,28.83,46.82,24.88
Loja D,2025-06-07,74.48,26.55,61.58,34.36,42.99,105.78,22.33
Loja D,2025-06-08,58.73,89.77,57.22,77.43,37.13,55.0,66.17
Loja D,2025-06-09,33.8,16.4,13.97,97.92,87.34,18.81,77.4
Loja D,2025-06-10,47.15,34.69,18.28,30.96,15.3,27.0,14.95
Loja D,2025-06-11,9.59,78.74,29.47,44.11,21.38,28.38,14.52
Loja D,2025-06-12,98.52,63.33,21.04,14.46,8.8,37.07,57.89
Loja D,2025-06-13,53.77,23.6,28.19,14.08,16.38,78.57,5.89
Loja D,2025-06-14,5.06,18.83,97.72,34.14,146.91,25.68,55.12
Loja D,2025-06-15,71.37,129.86,20.29,33.83,28.98,58.43,90.68
Loja D,2025-06-16,90.5,19.9,16.45,54.04,12.49,59.44,33.78
Loja D,2025-06-17,80.99,72.35,37.18,11.47,12.45,35.14,47.74
Loja D,2025-06-18,26.08,15.1,26.82,81.41,26.83,20.5,12.09
Loja D,2025-06-19,31.99,72.86,75.28,17.08,37.41,18.57,25.04
Loja D,2025-06-20,31.55,22.44,98.72,20.39,19.02,16.99,8.09
Loja D,2025-06-21,100.71,33.24,48.17,43.71,21.89,33.16,56.16
Loja D,2025-06-22,9.13,24.67,28.24,21.31,20.98,38.15,84.16
Loja D,2025-06-23,46.55,16.59,166.93,84.7,22.63,85.57,38.8
Loja D,2025-06-24,11.81,78.32,16.59,48.1,37.25,51.05,105.87
Loja D,2025-06-25,32.78,11.66,18.7,10.86,7.77,71.79,36.28
Loja D,2025-06-26,29.88,23.07,60.53,92.22,16.16,46.75,68.33
Loja D,2025-06-27,40.13,57.11,11.51,93.94,60.73,50.19,65.05
Loja D,2025-06-28,26.25,13.65,10.94,9.36,46.27,23.9,90.03
Loja D,2025-06-29,77.68,60.45,51.42,18.63,21.69,18.56,13.24
Loja D,2025-06-30,30.61,67.7,29.09,17.74,29.11,37.94,22.28
Loja D,2025-07-01,30.8,165.07,9.07,3.79,35.92,44.75,29.61
Loja D,2025-07-02,14.34,88.95,34.32,37.19,59.75,28.65,26.59
Loja D,2025-07-03,88.95,6.48,43.03,40.27,23.69,29.65,83.74
Loja D,2025-07-04,16.55,57.01,33.52,52.8,45.3,3.51,16.2
Loja D,2025-07-05,18.48,14.21,20.58,37.13,63.76,10.33,33.89
Loja D,2025-07-06,41.38,72.36,95.86,28.51,14.5,43.43,15.14
Loja D,2025-07-07,40.83,17.71,48.57,18.8,89.95,33.62,7.25
Loja D,2025-07-08,65.07,28.85,51.25,65.93,35.01,9.68,37.52
Loja D,2025-07-09,81.93,30.94,45.38,16.67,8.09,29.34,34.24
Loja D,2025-07-10,71.36,35.93,67.58,23.38,9.41,47.26,87.86
Loja D,2025-07-11,20.77,52.36,53.75,28.34,55.45,43.32,55.48
Loja D,2025-07-12,49.11,31.25,34.17,70.04,37.47,18.48,28.7
Loja D,2025-07-13,45.26,67.04,7.99,27.51,63.61,16.49,16.56
Loja D,2025-07-14,33.86,7.36,103.91,44.85,52.22,73.35,143.36
Loja D,2025-07-15,31.33,7.88,42.01,17.41,12.01,22.49,30.87
Loja D,2025-07-16,74.25,105.72,13.54,23.85,50.57,55.61,15.01
Loja D,2025-07-17,63.69,18.4,14.46,49.05,75.61,42.0,36.98
Loja D,2025-07-18,31.34,35.44,28.07,50.08,35.46,137.66,43.27
Loja D,2025-07-19,28.12,13.73,15.39,44.6,21.51,38.4,78.6
Loja D,2025-07-20,11.26,29.59,8.23,39.51,9.2,10.99,97.88
Loja D,2025-07-21,19.73,14.43,78.24,14.33,42.76,43.66,60.82
Loja D,2025-07-22,12.28,16.42,19.94,17.1,58.04,43.71,48.67
Loja D,2025-07-23,7.78,38.77,86.81,126.24,22.82,61.72,16.8
Loja D,2025-07-24,8.11,8.65,79.05,24.24,20.49,56.62,10.61
Loja D,2025-07-25,47.11,28.04,118.38,23.69,29.76,8.52,130.52
Loja D,2025-07-26,25.04,100.93,6.05,40.98,121.49,19.78,38.97
Loja D,2025-07-27,80.85,25.32,8.23,22.36,41.39,41.04,54.45
Loja D,2025-07-28,16.15,115.24,16.64,35.44,42.5,39.55,12.36
Loja D,2025-07-29,82.17,21.47,45.29,38.69,38.57,7.49,19.96
Loja D,2025-07-30,44.97,7.95,27.95,36.16,52.56,35.59,28.69
Loja D,2025-07-31,40.06,27.31,15.64,22.15,44.56,28.89,155.43
Loja D,2025-08-01,11.84,43.55,48.67,34.94,25.91,32.76,32.93
Loja D,2025-08-02,93.24,5.44,15.3,40.26,68.51,16.18,12.62
Loja D,2025-08-03,29.79,15.4,29.97,15.67,53.17,16.07,6.65
Loja D,2025-08-04,53.3,33.29,23.69,24.25,36.22,12.66,9.2
Loja D,2025-08-05,16.03,25.98,14.9,92.87,16.04,34.28,46.6
Loja D,2025-08-06,74.5,102.64,129.23,72.06,64.63,13.45,48.57
Loja D,2025-08-07,27.13,27.36,23.81,13.17,20.77,15.29,5.45
Loja D,2025-08-08,82.29,33.75,34.81,31.44,68.23,37.25,84.08
Loja D,2025-08-09,52.07,17.86,75.69,42.29,30.89,62.9,34.04
Loja D,2025-08-10,55.27,11.32,34.61,18.91,126.3,80.23,38.92
Loja D,2025-08-11,75.31,19.21,22.97,4.27,53.3,3.71,21.07
Loja D,2025-08-12,10.98,67.1,118.31,59.36,52.3,39.25,36.75
Loja D,2025-08-13,16.38,7.64,36.18,42.69,42.5,47.03,56.14
Loja D,2025-08-14,35.01,14.98,45.9,53.7,26.34,53.83,36.47
Loja D,2025-08-15,13.05,144.97,25.29,13.98,18.74,2.54,26.97
Loja D,2025-08-16,83.0,38.8,17.22,32.22,32.44,25.83,64.23
Loja D,2025-08-17,43.06,14.6,63.0,77.78,44.07,27.99,21.64
Loja D,2025-08-18,95.72,41.58,35.84,11.82,15.93,8.88,27.68
Loja D,2025-08-19,21.25,37.15,71.17,54.05,61.65,69.97,17.11
Loja D,2025-08-20,24.22,21.56,56.02,11.45,85.65,23.48,12.23
Loja D,2025-08-21,24.29,25.62,28.62,29.64,69.53,42.12,12.09
Loja D,2025-08-22,25.21,21.02,34.72,31.11,103.52,61.46,50.46
Loja D,2025-08-23,3.85,59.79,5.78,22.67,25.11,67.73,14.1
Loja D,2025-08-24,28.68,9.64,47.71,22.86,37.52,1.4,12.65
Loja D,2025-08-25,38.37,52.61,86.39,78.14,20.2,37.05,56.74
Loja D,2025-08-26,41.54,25.31,38.26,82.21,32.19,48.41,40.13
Loja D,2025-08-27,19.28,67.46,32.9,25.07,39.8,72.78,37.98
Loja D,2025-08-28,37.46,47.33,55.44,27.27,30.02,25.69,47.04
Loja D,2025-08-29,32.88,34.15,35.0,11.01,52.2,26.58,33.18
Loja D,2025-08-30,23.03,14.06,37.75,45.09,143.41,21.48,58.17
Loja D,2025-08-31,26.16,61.67,50.2,21.74,13.02,9.53,65.84
Loja D,2025-09-01,16.28,64.88,34.43,27.58,55.35,26.28,51.85
Loja D,2025-09-02,21.76,81.41,19.13,52.37,71.79,0.8,48.88
Loja D,2025-09-03,19.43,55.12,40.21,47.76,32.59,74.94,9.95
Loja D,2025-09-04,69.67,22.04,5.41,35.43,20.03,46.51,49.69
Loja D,2025-09-05,30.36,48.02,41.97,34.96,29.62,23.22,104.17
Loja D,2025-09-06,33.77,43.36,53.4,27.77,45.55,98.07,19.09
Loja D,2025-09-07,98.05,56.05,21.81,18.15,97.68,66.45,31.07
Loja D,2025-09-08,23.98,21.88,29.95,32.1,38.75,15.92,21.13
Loja D,2025-09-09,28.83,122.09,41.77,11.23,16.6,96.9,75.36
Loja D,2025-09-10,26.03,48.68,44.89,34.55,18.34,7.27,61.82
Loja D,2025-09-11,45.61,18.58,73.2,94.48,40.8,33.63,9.38
Loja D,2025-09-12,30.23,14.73,31.5,68.09,53.2,74.58,28.37
Loja D,2025-09-13,11.87,27.49,40.92,76.74,60.31,8.03,40.03
Loja D,2025-09-14,67.67,80.29,71.17,20.27,21.11,104.19,24.68
Loja D,2025-09-15,93.59,16.75,31.47,5.05,29.86,18.03,53.45
Loja D,2025-09-16,53.16,46.77,18.77,74.8,35.62,56.43,71.43
Loja D,2025-09-17,38.56,10.84,41.78,30.14,17.28,86.97,27.71
Loja D,2025-09-18,51.03,59.46,41.79,25.43,9.79,46.41,27.89
Loja D,2025-09-19,102.44,20.67,5.21,13.49,71.08,60.71,86.5
Loja D,2025-09-20,30.5,55.64,40.4,21.91,35.45,26.44,83.31
Loja D,2025-09-21,21.79,91.31,20.7,26.45,36.68,19.97,36.45
Loja D,2025-09-22,40.03,80.46,5.12,20.85,99.0,26.02,26.02
Loja D,2025-09-23,19.8,54.82,9.11,44.86,108.52,7.06,55.25
Loja D,2025-09-24,12.83,46.76,44.05,57.85,23.52,24.47,58.92
Loja D,2025-09-25,23.35,63.61,3.67,42.16,60.91,30.54,82.65
Loja D,2025-09-26,24.16,41.02,67.94,14.1,71.86,44.49,19.13
Loja D,2025-09-27,34.3,17.82,52.35,28.72,26.11,53.46,30.03
Loja D,2025-09-28,35.57,33.77,4.91,10.7,21.08,22.28,4.4
Loja D,2025-09-29,35.53,31.79,38.49,27.41,89.41,49.2,96.91
Loja D,2025-09-30,14.05,26.83,22.6,8.54,30.6,4.08,51.96
Loja D,2025-10-01,75.9,29.29,38.23,76.38,16.42,8.45,3.95
Loja D,2025-10-02,17.95,20.51,54.64,11.2,8.11,61.23,21.63
Loja D,2025-10-03,38.44,56.91,154.7,45.15,19.82,60.43,15.59
Loja D,2025-10-04,75.77,18.74,13.21,35.14,44.21,13.74,21.16
Loja D,2025-10-05,47.75,39.22,45.9,76.74,42.29,90.94,62.83
Loja D,2025-10-06,21.56,79.11,41.05,71.09,46.52,106.0,13.24
Loja D,2025-10-07,28.9,52.65,37.91,15.72,99.07,32.18,66.5
Loja D,2025-10-08,49.79,58.89,12.44,33.2,59.91,66.19,62.26
Loja D,2025-10-09,18.87,7.29,11.02,34.47,37.08,34.36,12.78
Loja D,2025-10-10,22.16,98.46,44.54,32.71,97.0,111.82,24.06
Loja D,2025-10-11,44.78,8.87,6.63,28.76,12.07,22.19,41.68
Loja D,2025-10-12,84.23,45.66,24.26,116.0,36.39,66.75,70.7
Loja D,2025-10-13,32.51,2.35,20.02,20.83,33.39,28.09,29.3
Loja D,2025-10-14,34.99,39.98,7.06,39.48,55.52,117.07,38.45
Loja D,2025-10-15,63.93,52.08,18.06,40.28,91.45,88.31,88.23
Loja D,2025-10-16,177.53,55.01,24.71,55.91,15.88,49.44,15.08
Loja D,2025-10-17,19.86,6.28,46.88,85.19,38.6,34.99,21.16
Loja D,2025-10-18,68.37,76.27,9.34,41.2,66.66,24.52,7.91
Loja D,2025-10-19,14.4,94.58,74.43,80.98,11.04,66.22,98.69
Loja D,2025-10-20,20.01,30.18,42.5,47.75,25.62,71.54,53.49
Loja D,2025-10-21,16.73,68.34,31.91,55.13,18.03,18.94,7.26
Loja D,2025-10-22,77.98,63.84,42.68,10.61,86.9,54.38,25.6
Loja D,2025-10-23,45.69,31.25,54.41,15.4,4.28,50.88,56.73
Loja D,2025-10-24,7.24,2.41,43.03,52.17,30.27,16.35,117.55
Loja D,2025-10-25,48.86,77.28,13.08,85.21,47.55,109.86,55.13
Loja D,2025-10-26,38.12,33.31,20.6,33.57,55.81,62.74,17.96
Loja D,2025-10-27,9.41,44.71,6.79,34.12,10.79,60.97,25.49
Loja D,2025-10-28,28.15,8.81,72.23,41.26,42.36,11.28,6.09
Loja D,2025-10-29,17.85,24.98,17.39,110.2,73.53,34.78,19.06
Loja D,2025-10-30,13.36,33.61,43.35,23.92,47.96,22.42,13.21
Loja D,2025-10-31,48.05,5.83,9.36,15.43,20.98,55.93,8.84
Loja D,2025-11-01,28.25,43.74,41.09,55.95,28.91,20.4,81.2
Loja D,2025-11-02,19.74,17.48,16.39,15.86,94.12,104.59,60.78
Loja D,2025-11-03,49.41,17.51,23.62,7.64,28.43,10.37,38.96
Loja D,2025-11-04,18.69,41.41,16.1,6.3,13.86,44.06,46.15
Loja D,2025-11-05,42.86,38.59,34.79,53.61,2.5,91.22,27.81
Loja D,2025-11-06,53.89,32.61,18.38,26.15,13.16,15.24,47.71
Loja D,2025-11-07,39.17,5.55,15.78,27.71,32.75,115.04,38.37
Loja D,2025-11-08,4.64,34.07,10.63,28.76,122.03,22.44,62.7
Loja D,2025-11-09,33.78,88.39,50.04,68.36,43.68,22.19,81.59
Loja D,2025-11-10,40.21,23.4,18.38,41.24,72.32,46.41,24.88
Loja D,2025-11-11,45.15,58.45,7.29,10.74,54.7,10.32,28.72
Loja D,2025-11-12,36.41,14.1,29.64,36.81,74.52,69.33,41.12
Loja D,2025-11-13,20.43,70.33,71.97,18.05,38.52,23.42,42.16
Loja D,2025-11-14,16.92,58.0,42.35,16.96,54.56,20.3,5.72
Loja D,2025-11-15,13.86,62.43,95.3,96.85,21.34,28.7,23.8
Loja D,2025-11-16,32.95,9.94,21.84,38.62,62.65,41.11,27.7
Loja D,2025-11-17,14.18,65.22,8.64,10.57,50.64,55.62,2.3
Loja D,2025-11-18,27.89,4.66,29.23,24.65,82.21,45.54,46.6
Loja D,2025-11-19,73.38,75.22,36.97,19.81,60.32,58.29,50.29
Loja D,2025-11-20,36.85,29.01,75.37,24.59,19.04,27.6,16.59
Loja D,2025-11-21,58.47,36.87,5.03,45.67,28.33,33.69,40.26
Loja D,2025-11-22,22.28,18.87,50.42,11.83,14.98,17.89,64.56
Loja D,2025-11-23,77.39,17.76,15.23,36.56,28.3,59.21,47.63
Loja D,2025-11-24,100.53,15.85,58.59,24.64,14.43,24.31,26.38
Loja D,2025-11-25,72.72,8.06,18.2,35.3,13.59,94.08,103.87
Loja D,2025-11-26,33.22,50.53,84.12,29.82,48.45,12.11,5.25
Loja D,2025-11-27,63.41,31.26,101.85,20.69,11.19,59.18,96.47
Loja D,2025-11-28,12.23,15.68,81.95,122.98,48.73,19.2,77.14
Loja D,2025-11-29,26.79,19.71,22.19,53.96,34.61,46.79,60.34
Loja D,2025-11-30,27.91,65.71,33.65,22.46,8.95,27.0,87.7
Loja D,2025-12-01,58.22,46.57,13.23,21.87,52.72,62.11,59.15
Loja D,2025-12-02,40.3,17.46,62.21,21.74,62.8,27.04,98.47
Loja D,2025-12-03,24.84,24.46,31.5,17.68,15.05,17.17,79.96
Loja D,2025-12-04,15.91,24.65,130.31,64.12,63.36,117.66,30.82
Loja D,2025-12-05,5.67,59.37,28.32,131.07,4.88,15.06,21.06
Loja D,2025-12-06,31.29,10.24,43.43,20.11,67.06,83.68,25.82
Loja D,2025-12-07,48.67,33.45,31.58,9.48,30.26,62.48,44.25
Loja D,2025-12-08,15.41,9.56,29.44,18.02,19.83,18.28,33.79
Loja D,2025-12-09,51.11,17.44,16.79,11.18,38.07,61.43,30.61
Loja D,2025-12-10,51.28,73.36,39.93,15.75,14.26,16.6,106.45
Loja D,2025-12-11,126.74,25.01,70.89,79.69,9.7,102.46,27.48
Loja D,2025-12-12,26.41,11.61,106.92,35.25,99.89,76.38,25.37
Loja D,2025-12-13,36.12,19.52,21.54,46.09,56.99,5.45,5.64
Loja D,2025-12-14,22.04,41.3,80.6,34.84,27.36,50.65,15.52
Loja D,2025-12-15,35.51,30.09,37.6,73.83,6.69,31.41,56.83
Loja D,2025-12-16,48.24,7.38,5.6,53.98,7.03,36.01,70.53
Loja D,2025-12-17,9.04,100.26,52.72,174.12,22.66,83.09,24.75
Loja D,2025-12-18,34.36,19.17,33.14,64.11,102.59,16.0,38.4
Loja D,2025-12-19,21.28,39.92,70.72,22.81,46.69,15.13,74.74
Loja D,2025-12-20,58.3,17.55,17.18,86.33,122.22,18.22,64.42
Loja D,2025-12-21,25.57,86.43,26.63,55.07,37.51,3.78,16.15
Loja D,2025-12-22,54.35,49.8,41.28,105.0,61.38,56.16,3.7
Loja D,2025-12-23,63.54,7.83,33.19,7.93,47.54,72.75,31.15
Loja D,2025-12-24,31.95,14.82,71.91,8.76,37.52,30.82,44.18
Loja D,2025-12-25,59.24,29.44,63.84,32.41,43.07,12.56,23.8
Loja D,2025-12-26,6.98,34.99,56.93,28.32,30.97,44.75,48.33
Loja D,2025-12-27,6.66,20.3,7.86,24.31,92.48,57.49,33.12
Loja D,2025-12-28,109.9,41.71,149.9,36.94,20.22,11.65,53.25
Loja D,2025-12-29,24.1,36.88,47.38,16.05,41.2,28.7,8.38
Loja D,2025-12-30,49.22,53.89,81.03,12.01,123.99,17.56,4.33
Loja D,2025-12-31,34.21,44.2,29.65,11.84,22.61,42.31,136.11
