loja,data,avaria,vencimento,quebra,furto
Loja A,2025-01-01,93.33,61.74,143.09,7.84
Loja A,2025-01-02,149.65,0.48,39.23,75.02
Loja A,2025-01-03,18.5,14.36,69.47,106.76
Loja A,2025-01-04,57.84,20.66,60.26,70.9
Loja A,2025-01-05,96.61,61.18,18.99,119.71
Loja A,2025-01-06,175.32,49.35,66.03,7.18
Loja A,2025-01-07,10.11,40.77,197.24,29.21
Loja A,2025-01-08,147.54,9.01,67.45,64.5
Loja A,2025-01-09,151.77,0.26,16.27,19.16
Loja A,2025-01-10,252.79,14.08,3.18,64.53
Loja A,2025-01-11,36.22,89.5,143.2,37.25
Loja A,2025-01-12,81.75,39.71,9.45,81.07
Loja A,2025-01-13,87.61,42.54,90.74,40.83
Loja A,2025-01-14,8.62,90.22,123.52,92.75
Loja A,2025-01-15,17.56,211.73,1.73,27.29
Loja A,2025-01-16,47.52,7.78,82.1,153.93
Loja A,2025-01-17,53.42,114.1,41.17,15.77
Loja A,2025-01-18,60.18,86.8,29.29,71.92
Loja A,2025-01-19,67.14,49.77,76.07,114.77
Loja A,2025-01-20,88.37,30.04,57.68,163.87
Loja A,2025-01-21,152.42,10.5,8.72,45.98
Loja A,2025-01-22,78.26,3.58,62.24,240.17
Loja A,2025-01-23,137.27,58.68,55.0,74.48
Loja A,2025-01-24,34.85,105.05,1.56,90.81
Loja A,2025-01-25,38.45,105.49,95.5,45.01
Loja A,2025-01-26,1.2,47.76,164.84,12.34
Loja A,2025-01-27,12.38,113.2,153.23,42.17
Loja A,2025-01-28,38.84,168.22,168.04,21.22
Loja A,2025-01-29,47.61,25.84,106.31,18.62
Loja A,2025-01-30,58.19,57.07,26.86,62.0
Loja A,2025-01-31,18.88,8.14,34.56,179.52
Loja A,2025-02-01,88.46,128.44,124.63,18.11
Loja A,2025-02-02,36.55,90.66,264.07,13.59
Loja A,2025-02-03,115.99,21.94,60.93,103.8
Loja A,2025-02-04,97.39,32.81,32.33,188.33
Loja A,2025-02-05,293.34,34.89,103.94,26.64
Loja A,2025-02-06,112.65,47.86,69.5,2.17
Loja A,2025-02-07,88.1,72.4,33.47,29.39
Loja A,2025-02-08,81.19,114.72,3.16,78.42
Loja A,2025-02-09,28.24,22.85,147.44,56.26
Loja A,2025-02-10,49.84,38.26,89.59,54.44
Loja A,2025-02-11,132.0,17.33,53.78,11.86
Loja A,2025-02-12,43.24,48.92,24.28,38.83
Loja A,2025-02-13,47.82,0.88,35.47,175.83
Loja A,2025-02-14,155.06,34.59,55.16,4.01
Loja A,2025-02-15,27.03,150.93,93.06,23.02
Loja A,2025-02-16,25.43,145.0,20.04,34.75
Loja A,2025-02-17,65.05,49.07,36.81,137.04
Loja A,2025-02-18,31.79,173.3,22.2,122.54
Loja A,2025-02-19,104.2,31.2,65.65,87.48
Loja A,2025-02-20,7.87,65.89,135.9,46.25
Loja A,2025-02-21,85.37,56.27,124.67,45.3
Loja A,2025-02-22,52.92,5.31,18.58,42.59
Loja A,2025-02-23,101.53,131.73,193.31,7.65
Loja A,2025-02-24,35.84,26.78,234.61,18.23
Loja A,2025-02-25,64.2,11.82,131.15,31.21
Loja A,2025-02-26,37.24,95.53,78.67,58.88
Loja A,2025-02-27,114.91,23.04,69.43,20.09
Loja A,2025-02-28,143.87,23.72,26.96,89.43
Loja A,2025-03-01,19.54,21.26,29.76,92.81
Loja A,2025-03-02,106.62,54.36,85.19,37.98
Loja A,2025-03-03,11.11,16.47,125.72,61.78
Loja A,2025-03-04,34.31,86.43,151.18,66.92
Loja A,2025-03-05,49.47,40.9,40.48,128.45
Loja A,2025-03-06,25.46,75.31,140.76,63.04
Loja A,2025-03-07,144.22,49.53,82.63,5.3
Loja A,2025-03-08,165.84,62.77,79.21,46.22
Loja A,2025-03-09,20.67,3.16,200.79,50.67
Loja A,2025-03-10,33.17,89.31,59.15,114.19
Loja A,2025-03-11,43.29,78.23,125.72,14.25
Loja A,2025-03-12,32.02,46.0,262.13,36.43
Loja A,2025-03-13,37.05,81.85,41.96,233.27
Loja A,2025-03-14,228.26,73.12,105.06,6.07
Loja A,2025-03-15,118.27,122.09,44.24,24.66
Loja A,2025-03-16,261.64,59.03,112.51,3.6
Loja A,2025-03-17,40.16,127.7,36.84,69.44
Loja A,2025-03-18,12.94,29.6,144.28,45.92
Loja A,2025-03-19,61.59,61.62,76.53,59.88
Loja A,2025-03-20,0.45,371.38,20.2,5.57
Loja A,2025-03-21,4.79,36.09,81.55,43.29
Loja A,2025-03-22,1.92,48.09,43.37,105.08
Loja A,2025-03-23,64.29,48.09,57.96,70.97
Loja A,2025-03-24,132.04,92.11,59.34,67.73
Loja A,2025-03-25,27.06,209.59,15.49,99.48
Loja A,2025-03-26,42.76,0.19,173.14,49.03
Loja A,2025-03-27,148.22,67.15,104.68,37.74
Loja A,2025-03-28,3.03,151.82,190.45,14.89
Loja A,2025-03-29,93.29,81.52,11.85,33.05
Loja A,2025-03-30,41.63,108.1,137.73,7.54
Loja A,2025-03-31,62.06,107.54,115.66,12.01
Loja A,2025-04-01,87.76,229.41,45.14,65.17
Loja A,2025-04-02,190.52,10.93,229.17,43.53
Loja A,2025-04-03,1.03,189.97,66.77,69.02
Loja A,2025-04-04,68.82,14.04,159.14,42.36
Loja A,2025-04-05,73.28,67.73,140.24,71.57
Loja A,2025-04-06,10.38,159.91,42.16,5.79
Loja A,2025-04-07,41.1,56.84,17.58,87.87
Loja A,2025-04-08,47.41,44.97,23.37,139.84
Loja A,2025-04-09,39.61,106.54,45.69,168.79
Loja A,2025-04-10,5.4,5.18,183.64,62.82
Loja A,2025-04-11,34.08,76.37,98.83,18.34
Loja A,2025-04-12,13.52,209.27,58.74,32.61
Loja A,2025-04-13,157.6,72.6,26.97,22.58
Loja A,2025-04-14,40.94,159.13,5.13,19.96
Loja A,2025-04-15,230.41,13.37,102.34,24.75
Loja A,2025-04-16,85.42,44.32,9.84,80.13
Loja A,2025-04-17,52.4,52.01,46.22,31.63
Loja A,2025-04-18,41.6,57.3,66.52,60.38
Loja A,2025-04-19,138.25,26.49,36.98,47.13
Loja A,2025-04-20,122.91,69.44,39.23,14.16
Loja A,2025-04-21,4.21,82.03,79.94,4.2
Loja A,2025-04-22,179.17,66.45,43.96,150.87
Loja A,2025-04-23,54.42,86.48,4.41,21.91
Loja A,2025-04-24,66.3,68.96,120.32,57.34
Loja A,2025-04-25,49.01,38.24,110.85,77.15
Loja A,2025-04-26,130.22,29.04,48.36,2.63
Loja A,2025-04-27,23.74,63.72,14.01,190.96
Loja A,2025-04-28,283.04,4.79,77.57,5.7
Loja A,2025-04-29,71.95,66.9,151.27,7.85
Loja A,2025-04-30,25.49,6.4,35.2,163.18
Loja A,2025-05-01,142.07,119.87,71.12,200.79
Loja A,2025-05-02,53.48,14.53,162.88,29.39
Loja A,2025-05-03,8.93,21.82,152.09,151.27
Loja A,2025-05-04,13.96,60.16,68.81,117.27
Loja A,2025-05-05,78.05,134.16,124.15,26.46
Loja A,2025-05-06,76.06,133.33,3.94,72.29
Loja A,2025-05-07,95.45,17.0,20.06,92.47
Loja A,2025-05-08,45.67,62.42,27.5,22.4
Loja A,2025-05-09,82.15,36.31,26.84,265.89
Loja A,2025-05-10,47.52,118.69,92.52,16.38
Loja A,2025-05-11,86.03,70.73,66.44,94.24
Loja A,2025-05-12,127.94,53.32,74.45,0.96
Loja A,2025-05-13,42.22,24.73,85.29,162.82
Loja A,2025-05-14,59.96,40.55,136.27,164.06
Loja A,2025-05-15,17.65,189.48,64.97,59.7
Loja A,2025-05-16,74.84,4.76,104.28,54.12
Loja A,2025-05-17,100.93,252.09,35.39,4.75
Loja A,2025-05-18,22.15,47.54,13.29,205.39
Loja A,2025-05-19,22.23,235.14,76.55,12.02
Loja A,2025-05-20,67.66,65.85,71.01,80.31
Loja A,2025-05-21,2.74,100.28,57.77,135.39
Loja A,2025-05-22,198.08,30.73,5.82,142.45
Loja A,2025-05-23,165.08,25.67,13.04,7.39
Loja A,2025-05-24,27.91,32.72,45.41,87.74
Loja A,2025-05-25,27.1,4.44,39.68,164.36
Loja A,2025-05-26,36.48,176.97,37.04,17.07
Loja A,2025-05-27,20.11,111.02,71.96,86.72
Loja A,2025-05-28,63.95,58.83,2.01,73.74
Loja A,2025-05-29,81.73,53.4,82.84,101.83
Loja A,2025-05-30,29.99,100.06,75.72,79.9
Loja A,2025-05-31,24.98,45.43,46.04,121.85
Loja A,2025-06-01,192.68,19.77,46.11,31.99
Loja A,2025-06-02,182.8,6.07,25.84,27.93
Loja A,2025-06-03,316.3,53.97,9.55,20.28
Loja A,2025-06-04,18.31,13.27,159.04,68.25
Loja A,2025-06-05,114.47,46.17,92.58,34.18
Loja A,2025-06-06,46.1,132.23,20.4,120.22
Loja A,2025-06-07,114.83,7.71,136.77,4.97
Loja A,2025-06-08,71.24,156.54,136.08,16.83
Loja A,2025-06-09,39.0,87.96,4.86,54.83
Loja A,2025-06-10,36.53,123.37,8.7,70.5
Loja A,2025-06-11,4.66,162.39,84.8,34.97
Loja A,2025-06-12,14.3,114.8,62.58,30.26
Loja A,2025-06-13,44.8,133.77,31.61,7.17
Loja A,2025-06-14,192.79,39.0,34.09,18.2
Loja A,2025-06-15,113.48,12.22,50.46,105.99
Loja A,2025-06-16,2.97,147.29,44.12,89.54
Loja A,2025-06-17,58.49,149.3,36.84,2.78
Loja A,2025-06-18,229.83,1.28,135.28,14.42
Loja A,2025-06-19,40.19,139.55,18.61,162.07
Loja A,2025-06-20,44.72,29.6,70.51,27.12
Loja A,2025-06-21,57.95,179.64,50.37,30.44
Loja A,2025-06-22,64.63,64.17,26.99,29.32
Loja A,2025-06-23,31.73,18.96,14.38,140.59
Loja A,2025-06-24,8.78,49.38,119.3,63.89
Loja A,2025-06-25,118.22,22.78,17.64,105.87
Loja A,2025-06-26,52.98,130.77,16.9,149.08
Loja A,2025-06-27,72.21,28.37,61.87,108.27
Loja A,2025-06-28,1.39,117.97,90.68,28.93
Loja A,2025-06-29,132.22,34.2,30.65,60.25
Loja A,2025-06-30,56.23,131.82,7.6,25.19
Loja A,2025-07-01,3.12,64.01,26.74,55.29
Loja A,2025-07-02,17.98,85.99,35.38,132.93
Loja A,2025-07-03,7.5,65.94,132.8,83.7
Loja A,2025-07-04,1.7,260.26,25.69,20.8
Loja A,2025-07-05,57.16,67.16,124.98,42.96
Loja A,2025-07-06,37.52,49.55,32.45,159.18
Loja A,2025-07-07,124.13,39.54,0.01,150.61
Loja A,2025-07-08,32.36,68.33,40.28,48.31
Loja A,2025-07-09,87.91,46.89,169.2,14.25
Loja A,2025-07-10,12.41,70.78,32.69,24.35
Loja A,2025-07-11,16.34,114.46,33.32,59.0
Loja A,2025-07-12,59.25,59.28,81.77,68.36
Loja A,2025-07-13,9.9,85.44,152.44,49.05
Loja A,2025-07-14,21.97,7.78,31.73,253.35
Loja A,2025-07-15,31.5,71.1,127.51,1.27
Loja A,2025-07-16,173.89,36.83,153.27,2.99
Loja A,2025-07-17,16.98,42.0,45.72,203.06
Loja A,2025-07-18,1.12,101.51,13.95,171.66
Loja A,2025-07-19,196.28,90.22,31.13,131.03
Loja A,2025-07-20,7.16,8.89,41.55,199.72
Loja A,2025-07-21,47.61,19.31,16.61,138.05
Loja A,2025-07-22,102.17,70.23,309.72,34.39
Loja A,2025-07-23,13.88,135.98,13.63,63.17
Loja A,2025-07-24,34.42,49.55,299.09,15.6
Loja A,2025-07-25,37.45,11.27,74.36,103.39
Loja A,2025-07-26,52.29,22.43,77.09,61.58
Loja A,2025-07-27,10.75,29.78,32.7,231.96
Loja A,2025-07-28,125.26,87.74,145.37,88.02
Loja A,2025-07-29,176.66,4.24,46.03,103.85
Loja A,2025-07-30,111.17,24.46,52.86,48.56
Loja A,2025-07-31,21.77,30.2,51.98,138.71
Loja A,2025-08-01,46.05,61.29,73.1,18.29
Loja A,2025-08-02,36.57,5.11,229.61,5.86
Loja A,2025-08-03,111.69,39.25,245.58,44.96
Loja A,2025-08-04,171.07,33.51,35.84,91.3
Loja A,2025-08-05,206.03,24.2,91.42,51.22
Loja A,2025-08-06,177.85,64.09,54.69,23.85
Loja A,2025-08-07,125.94,121.43,52.1,13.32
Loja A,2025-08-08,11.41,181.49,2.79,75.24
Loja A,2025-08-09,25.86,31.95,105.0,5.59
Loja A,2025-08-10,12.24,85.05,33.63,39.38
Loja A,2025-08-11,120.78,5.33,19.36,57.61
Loja A,2025-08-12,55.09,63.5,182.49,1.77
Loja A,2025-08-13,258.62,0.03,15.59,125.63
Loja A,2025-08-14,152.45,12.99,67.07,94.09
Loja A,2025-08-15,11.86,32.66,110.23,32.65
Loja A,2025-08-16,19.27,111.26,100.97,3.08
Loja A,2025-08-17,25.16,45.17,38.81,79.57
Loja A,2025-08-18,77.28,59.33,282.55,120.9
Loja A,2025-08-19,175.19,62.8,7.9,52.2
Loja A,2025-08-20,207.65,25.96,11.51,48.07
Loja A,2025-08-21,130.71,97.04,38.56,76.65
Loja A,2025-08-22,90.57,38.52,79.08,60.7
Loja A,2025-08-23,126.36,45.34,116.96,3.79
Loja A,2025-08-24,73.37,110.36,26.08,38.49
Loja A,2025-08-25,18.47,5.45,31.85,287.7
Loja A,2025-08-26,22.91,32.38,55.54,54.85
Loja A,2025-08-27,114.22,74.36,60.27,115.56
Loja A,2025-08-28,12.86,47.06,106.99,47.98
Loja A,2025-08-29,75.46,2.11,11.52,75.41
Loja A,2025-08-30,44.28,124.79,2.86,110.1
Loja A,2025-08-31,147.98,26.17,1.17,1.54
Loja A,2025-09-01,247.33,142.45,12.54,6.24
Loja A,2025-09-02,110.81,112.59,8.71,24.34
Loja A,2025-09-03,89.03,43.82,184.44,38.57
Loja A,2025-09-04,72.73,45.88,184.34,32.73
Loja A,2025-09-05,20.3,30.74,148.92,53.56
Loja A,2025-09-06,61.16,109.89,19.99,0.75
Loja A,2025-09-07,11.88,33.51,44.87,63.22
Loja A,2025-09-08,87.13,17.72,44.99,2.59
Loja A,2025-09-09,14.0,31.49,140.61,56.07
Loja A,2025-09-10,53.81,166.1,70.65,129.7
Loja A,2025-09-11,187.61,65.31,27.13,95.08
Loja A,2025-09-12,3.31,53.68,88.45,23.12
Loja A,2025-09-13,58.3,201.7,29.99,15.11
Loja A,2025-09-14,52.14,77.9,68.63,93.82
Loja A,2025-09-15,5.51,52.74,25.72,134.32
Loja A,2025-09-16,289.64,46.42,14.06,41.06
Loja A,2025-09-17,7.57,26.84,53.29,250.87
Loja A,2025-09-18,164.43,80.16,58.86,61.28
Loja A,2025-09-19,12.68,85.12,3.73,352.73
Loja A,2025-09-20,54.36,57.76,32.52,86.15
Loja A,2025-09-21,50.12,31.37,24.21,204.27
Loja A,2025-09-22,67.87,113.17,85.13,17.79
Loja A,2025-09-23,12.87,13.15,74.01,32.65
Loja A,2025-09-24,137.21,111.19,19.21,74.56
Loja A,2025-09-25,115.79,85.46,78.11,114.7
Loja A,2025-09-26,9.06,203.73,49.34,131.47
Loja A,2025-09-27,15.17,99.8,35.81,56.31
Loja A,2025-09-28,81.92,116.99,68.27,8.35
Loja A,2025-09-29,124.63,62.31,60.78,164.37
Loja A,2025-09-30,35.0,33.5,88.06,170.0
Loja A,2025-10-01,60.17,101.99,61.15,95.67
Loja A,2025-10-02,110.13,12.69,75.78,98.72
Loja A,2025-10-03,89.24,58.8,2.05,240.21
Loja A,2025-10-04,55.92,62.21,57.62,97.19
Loja A,2025-10-05,62.46,76.13,25.68,56.05
Loja A,2025-10-06,60.86,16.81,4.85,107.39
Loja A,2025-10-07,96.25,88.93,5.17,145.01
Loja A,2025-10-08,28.62,64.56,125.88,107.96
Loja A,2025-10-09,139.57,0.79,156.18,5.62
Loja A,2025-10-10,176.79,30.51,87.4,3.6
Loja A,2025-10-11,106.96,8.59,38.35,123.34
Loja A,2025-10-12,280.35,1.43,121.68,10.1
Loja A,2025-10-13,57.08,177.05,54.3,12.96
Loja A,2025-10-14,18.68,159.89,10.8,35.09
Loja A,2025-10-15,25.94,74.15,102.44,21.13
Loja A,2025-10-16,88.18,65.03,26.65,25.91
Loja A,2025-10-17,58.8,12.71,126.56,5.44
Loja A,2025-10-18,26.18,110.37,33.11,170.12
Loja A,2025-10-19,42.3,106.07,253.49,116.11
Loja A,2025-10-20,16.31,226.02,41.04,53.0
Loja A,2025-10-21,54.73,32.92,225.37,40.37
Loja A,2025-10-22,62.89,19.98,116.18,108.3
Loja A,2025-10-23,19.58,63.75,67.8,46.06
Loja A,2025-10-24,111.09,103.41,10.34,134.29
Loja A,2025-10-25,54.86,49.9,170.0,2.03
Loja A,2025-10-26,56.12,25.09,6.98,62.53
Loja A,2025-10-27,212.9,15.03,51.98,6.01
Loja A,2025-10-28,19.92,90.11,7.46,40.76
Loja A,2025-10-29,191.38,28.23,11.77,35.58
Loja A,2025-10-30,212.62,21.45,68.74,43.87
Loja A,2025-10-31,32.77,193.95,53.86,40.73
Loja A,2025-11-01,86.0,23.03,24.28,68.28
Loja A,2025-11-02,86.92,57.71,9.16,121.45
Loja A,2025-11-03,62.24,69.95,9.85,33.59
Loja A,2025-11-04,94.29,25.58,130.95,113.55
Loja A,2025-11-05,75.37,96.79,64.27,70.48
Loja A,2025-11-06,117.5,131.85,2.63,44.37
Loja A,2025-11-07,56.78,33.85,68.28,201.28
Loja A,2025-11-08,46.27,31.81,8.42,112.13
Loja A,2025-11-09,34.89,47.74,59.28,120.12
Loja A,2025-11-10,49.59,39.98,174.7,188.85
Loja A,2025-11-11,43.71,62.34,287.66,13.65
Loja A,2025-11-12,80.28,121.11,42.17,40.38
Loja A,2025-11-13,12.92,32.82,42.85,90.53
Loja A,2025-11-14,5.51,17.5,101.25,55.73
Loja A,2025-11-15,73.32,42.5,60.79,103.58
Loja A,2025-11-16,7.55,129.04,4.41,164.24
Loja A,2025-11-17,104.7,31.23,76.42,63.19
Loja A,2025-11-18,28.01,48.35,84.03,118.59
Loja A,2025-11-19,88.7,72.58,66.34,78.15
Loja A,2025-11-20,33.58,45.93,129.01,59.05
Loja A,2025-11-21,119.25,84.63,95.79,80.31
Loja A,2025-11-22,0.5,143.41,0.63,9.22
Loja A,2025-11-23,22.12,20.31,314.25,110.55
Loja A,2025-11-24,124.18,24.49,22.78,22.24
Loja A,2025-11-25,69.16,121.88,43.48,34.44
Loja A,2025-11-26,146.57,5.01,26.89,21.18
Loja A,2025-11-27,11.25,34.02,3.14,228.29
Loja A,2025-11-28,45.33,81.72,35.7,44.31
Loja A,2025-11-29,89.66,177.27,7.15,29.86
Loja A,2025-11-30,43.56,112.14,139.48,35.86
Loja A,2025-12-01,13.8,8.14,187.21,36.49
Loja A,2025-12-02,16.92,212.12,8.62,102.12
Loja A,2025-12-03,116.32,10.88,49.02,19.25
Loja A,2025-12-04,47.44,33.16,0.22,190.14
Loja A,2025-12-05,85.3,59.23,49.89,34.29
Loja A,2025-12-06,148.28,7.35,10.93,43.1
Loja A,2025-12-07,49.22,22.05,109.57,66.39
Loja A,2025-12-08,12.45,49.67,123.01,33.02
Loja A,2025-12-09,61.02,163.48,54.09,4.99
Loja A,2025-12-10,20.6,66.42,23.68,232.09
Loja A,2025-12-11,50.69,59.59,117.94,72.45
Loja A,2025-12-12,34.5,5.71,65.02,144.85
Loja A,2025-12-13,100.54,41.73,11.87,147.18
Loja A,2025-12-14,153.91,26.61,70.61,28.63
Loja A,2025-12-15,43.96,114.09,5.49,47.61
Loja A,2025-12-16,36.13,62.1,154.66,4.13
Loja A,2025-12-17,139.83,51.73,171.82,23.69
Loja A,2025-12-18,53.48,41.68,142.59,97.3
Loja A,2025-12-19,50.31,4.18,160.88,139.48
Loja A,2025-12-20,1.62,7.63,51.25,141.62
Loja A,2025-12-21,182.22,12.63,37.33,3.4
Loja A,2025-12-22,38.32,84.6,94.39,41.8
Loja A,2025-12-23,7.64,36.43,204.01,19.79
Loja A,2025-12-24,18.5,65.95,63.5,116.79
Loja A,2025-12-25,27.48,40.43,35.24,147.0
Loja A,2025-12-26,80.78,98.06,7.87,86.44
Loja A,2025-12-27,82.13,3.42,8.97,163.99
Loja A,2025-12-28,23.03,100.29,65.61,1.09
Loja A,2025-12-29,87.01,16.01,41.15,73.45
Loja A,2025-12-30,99.82,29.49,80.04,73.98
Loja A,2025-12-31,58.01,75.32,130.64,3.43
Loja B,2025-01-01,43.67,28.96,5.66,78.33
Loja B,2025-01-02,10.4,129.1,20.63,75.76
Loja B,2025-01-03,75.37,164.92,20.94,38.84
Loja B,2025-01-04,10.5,200.0,35.08,118.36
Loja B,2025-01-05,61.53,83.07,4.03,80.14
Loja B,2025-01-06,23.92,145.35,142.07,0.93
Loja B,2025-01-07,16.66,45.25,36.41,167.61
Loja B,2025-01-08,25.3,156.85,34.9,189.18
Loja B,2025-01-09,72.6,96.0,6.02,47.9
Loja B,2025-01-10,16.41,37.66,104.16,138.11
Loja B,2025-01-11,6.06,114.74,126.27,12.44
Loja B,2025-01-12,60.65,109.26,4.78,124.72
Loja B,2025-01-13,70.2,146.36,20.1,146.38
Loja B,2025-01-14,7.8,40.61,17.47,163.9
Loja B,2025-01-15,194.6,4.1,1.53,54.89
Loja B,2025-01-16,7.99,51.42,56.33,147.1
Loja B,2025-01-17,151.84,53.77,0.28,22.23
Loja B,2025-01-18,23.41,22.49,30.07,105.14
Loja B,2025-01-19,147.26,7.84,21.04,121.81
Loja B,2025-01-20,154.42,28.6,116.46,98.99
Loja B,2025-01-21,47.85,16.78,163.73,84.49
Loja B,2025-01-22,10.22,67.38,74.7,120.36
Loja B,2025-01-23,7.96,141.62,5.25,28.97
Loja B,2025-01-24,97.51,49.45,58.7,201.81
Loja B,2025-01-25,121.18,80.35,16.06,0.86
Loja B,2025-01-26,3.8,88.98,41.09,97.15
Loja B,2025-01-27,3.69,115.81,4.6,154.75
Loja B,2025-01-28,59.91,12.58,104.87,41.06
Loja B,2025-01-29,49.18,48.99,55.72,223.11
Loja B,2025-01-30,51.39,65.81,171.62,90.78
Loja B,2025-01-31,4.72,230.25,6.57,23.29
Loja B,2025-02-01,168.57,127.02,40.74,88.61
Loja B,2025-02-02,138.91,69.31,32.17,255.62
Loja B,2025-02-03,58.24,4.35,123.15,84.45
Loja B,2025-02-04,18.32,28.14,52.78,45.76
Loja B,2025-02-05,186.45,49.11,43.08,16.17
Loja B,2025-02-06,163.84,17.66,78.61,63.65
Loja B,2025-02-07,48.54,112.84,132.43,8.3
Loja B,2025-02-08,20.25,111.38,48.73,40.26
Loja B,2025-02-09,44.52,33.07,126.74,31.48
Loja B,2025-02-10,46.99,58.62,123.82,71.04
Loja B,2025-02-11,55.35,188.98,51.2,25.43
Loja B,2025-02-12,68.92,63.16,0.82,36.93
Loja B,2025-02-13,41.71,21.23,46.44,18.41
Loja B,2025-02-14,175.42,14.85,4.14,24.09
Loja B,2025-02-15,70.35,38.72,25.02,100.53
Loja B,2025-02-16,29.7,62.6,94.72,89.79
Loja B,2025-02-17,35.82,63.88,45.46,155.78
Loja B,2025-02-18,192.05,38.34,8.76,16.69
Loja B,2025-02-19,28.97,52.62,67.74,25.5
Loja B,2025-02-20,77.68,195.87,74.47,12.18
Loja B,2025-02-21,52.91,47.65,124.87,26.33
Loja B,2025-02-22,38.45,63.84,51.97,88.77
Loja B,2025-02-23,6.25,125.72,19.67,57.42
Loja B,2025-02-24,79.6,12.58,27.13,89.18
Loja B,2025-02-25,127.63,11.58,104.45,19.32
Loja B,2025-02-26,12.19,25.77,4.85,212.08
Loja B,2025-02-27,5.98,50.26,58.55,171.8
Loja B,2025-02-28,18.68,69.15,105.42,6.33
Loja B,2025-03-01,80.06,7.59,118.9,106.8
Loja B,2025-03-02,20.82,145.78,3.46,149.61
Loja B,2025-03-03,3.49,138.38,10.62,37.43
Loja B,2025-03-04,60.4,15.53,33.78,116.48
Loja B,2025-03-05,7.34,240.36,9.74,19.56
Loja B,2025-03-06,3.31,133.53,5.17,59.07
Loja B,2025-03-07,141.8,14.6,30.06,45.53
Loja B,2025-03-08,45.39,16.07,51.77,134.53
Loja B,2025-03-09,89.86,15.52,11.39,149.98
Loja B,2025-03-10,3.74,110.24,3.95,151.16
Loja B,2025-03-11,182.5,27.32,5.94,50.71
Loja B,2025-03-12,44.86,68.31,138.38,29.8
Loja B,2025-03-13,23.93,82.69,55.93,21.4
Loja B,2025-03-14,112.57,149.48,92.58,28.23
Loja B,2025-03-15,0.01,88.25,94.0,65.0
Loja B,2025-03-16,6.61,72.99,142.71,40.95
Loja B,2025-03-17,20.66,82.94,163.9,4.69
Loja B,2025-03-18,89.6,101.62,90.94,103.53
Loja B,2025-03-19,108.68,15.22,29.16,105.09
Loja B,2025-03-20,2.53,142.82,155.25,38.76
Loja B,2025-03-21,84.14,70.49,27.88,57.38
Loja B,2025-03-22,166.87,38.61,68.99,2.5
Loja B,2025-03-23,14.7,15.39,273.3,78.24
Loja B,2025-03-24,28.29,150.7,20.41,31.0
Loja B,2025-03-25,102.91,73.5,160.72,75.26
Loja B,2025-03-26,11.59,46.13,50.12,40.83
Loja B,2025-03-27,104.07,43.86,54.04,42.36
Loja B,2025-03-28,100.69,52.36,7.7,108.45
Loja B,2025-03-29,114.38,137.33,16.9,25.36
Loja B,2025-03-30,59.87,121.14,24.54,83.11
Loja B,2025-03-31,11.27,17.24,68.68,108.15
Loja B,2025-04-01,5.77,207.7,9.14,22.18
Loja B,2025-04-02,71.46,77.85,98.43,37.62
Loja B,2025-04-03,209.28,19.44,30.6,15.39
Loja B,2025-04-04,234.97,38.2,24.87,143.56
Loja B,2025-04-05,92.56,53.01,130.22,0.28
Loja B,2025-04-06,136.52,94.45,26.93,30.33
Loja B,2025-04-07,87.42,36.56,62.92,31.64
Loja B,2025-04-08,13.21,171.37,40.6,6.83
Loja B,2025-04-09,27.5,21.08,12.71,143.0
Loja B,2025-04-10,122.59,12.79,25.01,82.77
Loja B,2025-04-11,21.27,81.46,109.47,96.54
Loja B,2025-04-12,47.29,47.33,129.16,16.42
Loja B,2025-04-13,237.9,2.49,38.36,5.63
Loja B,2025-04-14,54.56,5.5,96.8,53.88
Loja B,2025-04-15,2.04,87.46,138.09,75.44
Loja B,2025-04-16,3.08,194.18,131.2,47.32
Loja B,2025-04-17,49.92,81.89,252.87,36.39
Loja B,2025-04-18,6.48,121.82,1.62,147.36
Loja B,2025-04-19,22.54,43.83,8.76,143.62
Loja B,2025-04-20,100.45,186.97,83.34,14.8
Loja B,2025-04-21,15.36,27.81,38.96,108.78
Loja B,2025-04-22,45.44,113.9,304.32,15.51
Loja B,2025-04-23,236.26,64.96,156.86,41.34
Loja B,2025-04-24,21.94,1.49,191.9,90.65
Loja B,2025-04-25,2.78,214.64,26.17,54.16
Loja B,2025-04-26,7.93,56.69,127.25,12.93
Loja B,2025-04-27,82.86,72.17,30.05,44.08
Loja B,2025-04-28,212.59,21.2,14.95,47.83
Loja B,2025-04-29,79.57,92.43,100.46,2.69
Loja B,2025-04-30,29.61,87.96,139.15,54.53
Loja B,2025-05-01,5.17,48.66,7.43,132.96
Loja B,2025-05-02,14.26,44.65,117.23,134.96
Loja B,2025-05-03,34.74,41.46,83.19,30.69
Loja B,2025-05-04,78.11,35.58,42.95,93.65
Loja B,2025-05-05,55.38,105.44,67.52,133.66
Loja B,2025-05-06,56.84,65.52,107.54,24.26
Loja B,2025-05-07,59.36,119.34,3.57,69.92
Loja B,2025-05-08,43.03,161.22,98.72,15.52
Loja B,2025-05-09,115.56,9.48,44.98,243.49
Loja B,2025-05-10,6.06,13.73,132.85,80.01
Loja B,2025-05-11,84.71,111.24,77.05,7.15
Loja B,2025-05-12,56.63,45.77,29.04,139.93
Loja B,2025-05-13,164.71,16.42,84.89,68.53
Loja B,2025-05-14,153.43,73.22,57.72,49.62
Loja B,2025-05-15,48.91,65.48,37.64,129.72
Loja B,2025-05-16,58.83,83.89,17.29,42.15
Loja B,2025-05-17,24.66,93.41,114.13,111.57
Loja B,2025-05-18,89.07,26.16,8.67,20.37
Loja B,2025-05-19,167.12,30.39,74.58,95.52
Loja B,2025-05-20,24.53,72.7,28.69,40.87
Loja B,2025-05-21,58.45,120.21,20.52,15.79
Loja B,2025-05-22,138.67,62.87,59.2,33.49
Loja B,2025-05-23,54.24,93.08,14.74,69.58
Loja B,2025-05-24,27.21,34.61,45.09,141.22
Loja B,2025-05-25,42.07,85.72,32.37,39.28
Loja B,2025-05-26,8.14,16.08,97.42,56.62
Loja B,2025-05-27,47.23,23.07,63.01,105.66
Loja B,2025-05-28,40.11,126.1,274.57,91.53
Loja B,2025-05-29,13.4,72.48,169.53,64.1
Loja B,2025-05-30,87.51,68.94,91.53,73.32
Loja B,2025-05-31,38.45,12.51,128.76,77.27
Loja B,2025-06-01,38.12,99.9,11.16,2.82
Loja B,2025-06-02,51.59,190.14,25.47,1.79
Loja B,2025-06-03,244.91,12.37,125.43,52.51
Loja B,2025-06-04,136.62,33.26,126.75,19.69
Loja B,2025-06-05,26.17,157.03,12.01,46.15
Loja B,2025-06-06,34.99,105.85,9.85,40.89
Loja B,2025-06-07,92.74,40.37,4.66,94.34
Loja B,2025-06-08,38.65,0.63,52.4,139.46
Loja B,2025-06-09,7.38,56.0,81.78,4.6
Loja B,2025-06-10,2.56,69.72,175.02,19.58
Loja B,2025-06-11,119.64,70.58,26.66,47.9
Loja B,2025-06-12,204.26,14.79,41.97,59.38
Loja B,2025-06-13,50.39,15.1,4.6,133.2
Loja B,2025-06-14,3.52,74.61,271.32,2.9
Loja B,2025-06-15,155.43,7.15,39.44,106.92
Loja B,2025-06-16,36.66,205.89,36.92,50.25
Loja B,2025-06-17,30.84,0.01,251.27,9.33
Loja B,2025-06-18,49.16,2.07,13.7,109.73
Loja B,2025-06-19,25.87,95.74,263.15,5.68
Loja B,2025-06-20,169.38,12.12,39.05,25.24
Loja B,2025-06-21,215.5,18.03,3.74,80.25
Loja B,2025-06-22,35.02,42.89,10.45,113.67
Loja B,2025-06-23,115.93,57.06,23.72,113.4
Loja B,2025-06-24,126.27,31.37,2.19,20.2
Loja B,2025-06-25,46.26,182.27,0.54,14.74
Loja B,2025-06-26,7.04,41.83,57.27,278.97
Loja B,2025-06-27,5.28,94.37,31.65,104.82
Loja B,2025-06-28,89.71,4.99,363.98,10.76
Loja B,2025-06-29,56.3,129.92,5.14,49.91
Loja B,2025-06-30,69.14,170.67,51.24,12.97
Loja B,2025-07-01,47.53,48.35,47.58,76.12
Loja B,2025-07-02,6.18,7.76,69.19,208.02
Loja B,2025-07-03,21.65,111.61,96.04,80.51
Loja B,2025-07-04,103.35,98.18,73.62,51.0
Loja B,2025-07-05,31.76,182.33,185.26,30.62
Loja B,2025-07-06,8.93,181.49,78.42,26.91
Loja B,2025-07-07,91.57,38.92,8.9,125.36
Loja B,2025-07-08,62.7,181.99,52.06,105.13
Loja B,2025-07-09,51.6,5.19,115.23,2.22
Loja B,2025-07-10,38.03,123.38,145.09,13.15
Loja B,2025-07-11,16.24,134.65,4.48,69.38
Loja B,2025-07-12,169.49,87.5,22.18,71.1
Loja B,2025-07-13,129.02,48.74,64.89,20.81
Loja B,2025-07-14,53.8,76.06,196.25,84.71
Loja B,2025-07-15,42.61,67.14,72.35,9.82
Loja B,2025-07-16,169.22,136.16,1.47,7.4
Loja B,2025-07-17,151.27,70.46,22.99,6.61
Loja B,2025-07-18,10.17,185.04,76.18,43.95
Loja B,2025-07-19,130.66,44.42,59.51,15.29
Loja B,2025-07-20,171.18,29.82,99.79,6.51
Loja B,2025-07-21,20.87,6.65,41.95,158.32
Loja B,2025-07-22,30.37,113.99,68.36,45.58
Loja B,2025-07-23,20.02,189.08,4.13,86.48
Loja B,2025-07-24,95.19,57.03,26.95,55.24
Loja B,2025-07-25,61.53,54.09,84.66,10.98
Loja B,2025-07-26,54.67,2.11,319.83,44.62
Loja B,2025-07-27,38.42,176.87,55.48,61.96
Loja B,2025-07-28,11.55,41.15,149.2,48.75
Loja B,2025-07-29,63.29,6.81,88.09,182.67
Loja B,2025-07-30,4.44,95.99,75.59,156.05
Loja B,2025-07-31,2.29,118.6,57.49,36.17
Loja B,2025-08-01,205.93,10.68,47.72,23.7
Loja B,2025-08-02,49.81,53.39,6.23,71.9
Loja B,2025-08-03,97.48,142.13,9.2,34.17
Loja B,2025-08-04,105.06,14.71,113.25,6.09
Loja B,2025-08-05,22.23,102.22,81.13,56.41
Loja B,2025-08-06,83.24,50.31,29.84,158.76
Loja B,2025-08-07,58.69,45.47,25.99,115.05
Loja B,2025-08-08,129.69,3.43,81.05,42.91
Loja B,2025-08-09,17.29,78.68,47.45,8.33
Loja B,2025-08-10,134.51,60.69,62.19,38.89
Loja B,2025-08-11,72.61,13.92,3.59,13.09
Loja B,2025-08-12,136.32,116.27,22.6,12.86
Loja B,2025-08-13,63.71,66.47,26.86,109.01
Loja B,2025-08-14,184.18,11.08,41.42,0.26
Loja B,2025-08-15,86.21,36.94,14.83,96.34
Loja B,2025-08-16,216.07,15.3,5.44,52.79
Loja B,2025-08-17,49.78,79.83,39.98,44.0
Loja B,2025-08-18,160.63,75.14,94.32,72.5
Loja B,2025-08-19,114.48,14.47,16.52,7.38
Loja B,2025-08-20,33.29,10.32,8.31,77.42
Loja B,2025-08-21,88.22,120.62,5.18,74.86
Loja B,2025-08-22,39.83,1.27,49.61,71.12
Loja B,2025-08-23,9.01,60.68,134.65,37.3
Loja B,2025-08-24,37.96,36.11,223.92,4.36
Loja B,2025-08-25,47.33,24.7,180.23,8.12
Loja B,2025-08-26,33.37,32.88,138.04,15.28
Loja B,2025-08-27,68.88,9.6,204.82,59.81
Loja B,2025-08-28,120.53,69.65,51.31,29.28
Loja B,2025-08-29,46.2,154.19,22.24,107.08
Loja B,2025-08-30,10.68,182.32,28.6,31.65
Loja B,2025-08-31,37.42,76.27,76.58,39.33
Loja B,2025-09-01,129.48,5.33,63.44,74.25
Loja B,2025-09-02,66.11,66.04,100.01,102.02
Loja B,2025-09-03,39.99,219.29,2.95,187.81
Loja B,2025-09-04,12.36,150.2,86.0,66.02
Loja B,2025-09-05,137.19,4.33,29.57,112.04
Loja B,2025-09-06,86.14,22.0,13.73,33.53
Loja B,2025-09-07,72.16,40.38,155.13,54.93
Loja B,2025-09-08,4.34,30.03,71.26,142.33
Loja B,2025-09-09,15.2,229.2,23.5,46.59
Loja B,2025-09-10,1.23,139.06,100.03,13.99
Loja B,2025-09-11,180.32,25.29,78.5,113.87
Loja B,2025-09-12,41.09,75.94,60.77,158.93
Loja B,2025-09-13,12.15,21.9,60.93,79.58
Loja B,2025-09-14,24.82,2.49,59.8,105.18
Loja B,2025-09-15,109.34,53.54,4.1,56.95
Loja B,2025-09-16,89.48,180.32,7.3,59.9
Loja B,2025-09-17,102.0,27.75,72.37,107.74
Loja B,2025-09-18,156.92,51.98,118.89,31.0
Loja B,2025-09-19,89.75,77.69,166.51,13.69
Loja B,2025-09-20,40.93,129.95,128.44,9.4
Loja B,2025-09-21,50.22,124.92,56.84,80.22
Loja B,2025-09-22,249.28,1.86,64.64,30.69
Loja B,2025-09-23,9.19,215.2,31.82,50.44
Loja B,2025-09-24,98.51,3.62,20.53,132.83
Loja B,2025-09-25,206.62,48.69,49.01,147.55
Loja B,2025-09-26,68.94,24.55,58.71,96.59
Loja B,2025-09-27,4.06,49.32,101.99,54.59
Loja B,2025-09-28,10.09,78.45,166.9,8.09
Loja B,2025-09-29,4.95,37.1,17.38,218.77
Loja B,2025-09-30,124.3,48.35,174.16,67.08
Loja B,2025-10-01,13.65,26.09,99.15,5.13
Loja B,2025-10-02,40.67,29.84,28.68,146.64
Loja B,2025-10-03,81.98,59.03,48.68,116.44
Loja B,2025-10-04,10.8,32.9,96.04,83.62
Loja B,2025-10-05,112.21,47.93,33.56,147.52
Loja B,2025-10-06,153.43,29.01,2.58,71.4
Loja B,2025-10-07,41.11,33.6,46.83,153.75
Loja B,2025-10-08,181.45,94.2,41.35,39.49
Loja B,2025-10-09,7.22,147.23,55.27,1.49
Loja B,2025-10-10,55.0,30.02,182.13,86.6
Loja B,2025-10-11,25.56,173.19,90.4,28.16
Loja B,2025-10-12,94.8,62.63,2.44,82.18
Loja B,2025-10-13,101.78,15.71,43.35,89.04
Loja B,2025-10-14,26.86,344.39,5.01,19.51
Loja B,2025-10-15,17.82,108.43,139.74,74.65
Loja B,2025-10-16,39.52,192.25,8.21,38.16
Loja B,2025-10-17,25.17,8.82,275.03,136.69
Loja B,2025-10-18,35.76,196.86,20.36,173.41
Loja B,2025-10-19,132.42,46.55,93.17,69.24
Loja B,2025-10-20,6.82,117.89,41.81,105.25
Loja B,2025-10-21,168.29,8.06,22.51,15.21
Loja B,2025-10-22,151.96,169.68,64.21,9.41
Loja B,2025-10-23,9.56,110.23,173.77,14.6
Loja B,2025-10-24,1.06,38.22,2.95,167.36
Loja B,2025-10-25,69.78,105.95,54.7,43.74
Loja B,2025-10-26,14.61,85.59,69.15,26.02
Loja B,2025-10-27,63.05,0.2,10.69,158.91
Loja B,2025-10-28,55.42,43.75,134.75,53.75
Loja B,2025-10-29,61.89,22.42,219.16,109.49
Loja B,2025-10-30,9.49,102.39,54.15,163.18
Loja B,2025-10-31,184.27,67.3,96.48,4.27
Loja B,2025-11-01,53.03,90.88,44.33,58.12
Loja B,2025-11-02,153.43,14.78,6.92,78.54
Loja B,2025-11-03,89.73,98.52,53.2,92.85
Loja B,2025-11-04,120.35,9.12,143.25,19.72
Loja B,2025-11-05,54.62,101.55,76.41,78.51
Loja B,2025-11-06,39.45,74.03,4.22,136.24
Loja B,2025-11-07,67.26,91.1,78.91,24.75
Loja B,2025-11-08,154.72,40.07,6.75,133.01
Loja B,2025-11-09,71.59,110.68,65.5,11.68
Loja B,2025-11-10,108.81,55.97,93.49,84.38
Loja B,2025-11-11,203.25,44.53,111.62,56.02
Loja B,2025-11-12,10.13,22.35,86.2,74.68
Loja B,2025-11-13,175.89,3.39,57.93,159.08
Loja B,2025-11-14,8.85,103.46,157.61,28.0
Loja B,2025-11-15,153.35,20.1,147.11,2.72
Loja B,2025-11-16,14.18,107.4,107.99,88.95
Loja B,2025-11-17,30.41,52.66,69.66,159.15
Loja B,2025-11-18,95.92,69.15,51.85,37.3
Loja B,2025-11-19,8.3,11.69,110.89,105.06
Loja B,2025-11-20,155.75,94.41,4.31,64.76
Loja B,2025-11-21,29.9,36.44,145.16,6.3
Loja B,2025-11-22,26.13,16.38,164.82,70.69
Loja B,2025-11-23,14.82,207.78,18.52,4.69
Loja B,2025-11-24,60.73,19.19,75.68,207.39
Loja B,2025-11-25,170.48,35.26,38.92,7.94
Loja B,2025-11-26,28.6,8.26,58.78,104.65
Loja B,2025-11-27,216.61,9.56,64.69,52.93
Loja B,2025-11-28,10.27,41.97,33.16,93.83
Loja B,2025-11-29,126.61,35.76,80.93,9.3
Loja B,2025-11-30,195.48,14.36,18.5,9.76
Loja B,2025-12-01,15.08,32.7,179.9,64.14
Loja B,2025-12-02,23.55,42.19,48.03,85.11
Loja B,2025-12-03,100.04,63.19,82.99,102.79
Loja B,2025-12-04,8.86,13.87,72.32,117.78
Loja B,2025-12-05,34.86,258.68,16.12,35.69
Loja B,2025-12-06,32.02,179.31,22.62,42.84
Loja B,2025-12-07,20.79,73.85,195.28,36.34
Loja B,2025-12-08,118.91,173.02,5.41,100.87
Loja B,2025-12-09,32.9,21.51,102.56,136.46
Loja B,2025-12-10,33.52,2.67,159.8,87.6
Loja B,2025-12-11,62.04,134.44,5.52,81.11
Loja B,2025-12-12,63.32,62.38,19.99,128.44
Loja B,2025-12-13,37.93,92.78,33.84,59.15
Loja B,2025-12-14,25.11,108.22,59.85,1.75
Loja B,2025-12-15,6.31,140.65,44.69,194.21
Loja B,2025-12-16,36.94,74.82,214.42,52.98
Loja B,2025-12-17,67.93,61.36,111.81,10.57
Loja B,2025-12-18,112.23,150.77,31.88,24.07
Loja B,2025-12-19,201.63,65.58,31.81,104.18
Loja B,2025-12-20,52.77,28.21,114.11,121.38
Loja B,2025-12-21,92.39,32.29,89.11,19.72
Loja B,2025-12-22,79.74,21.77,45.33,181.42
Loja B,2025-12-23,29.1,198.77,39.77,4.2
Loja B,2025-12-24,10.66,125.38,27.81,97.17
Loja B,2025-12-25,173.61,61.17,93.1,74.73
Loja B,2025-12-26,186.11,24.37,12.8,28.77
Loja B,2025-12-27,39.19,42.3,91.24,75.56
Loja B,2025-12-28,15.23,27.19,61.58,111.18
Loja B,2025-12-29,31.99,45.72,178.7,34.53
Loja B,2025-12-30,45.5,163.18,112.6,19.38
Loja B,2025-12-31,12.85,14.25,79.81,223.97
Loja C,2025-01-01,101.35,45.13,0.7,81.48
Loja C,2025-01-02,40.77,82.86,77.14,54.19
Loja C,2025-01-03,218.15,1.77,94.02,39.82
Loja C,2025-01-04,78.16,70.26,0.64,20.99
Loja C,2025-01-05,31.85,27.77,198.13,41.62
Loja C,2025-01-06,47.68,21.01,64.28,94.41
Loja C,2025-01-07,43.12,99.08,186.83,10.61
Loja C,2025-01-08,103.46,32.56,10.92,65.81
Loja C,2025-01-09,36.43,244.61,6.23,14.75
Loja C,2025-01-10,78.17,94.42,139.01,31.87
Loja C,2025-01-11,37.05,61.5,13.89,28.72
Loja C,2025-01-12,116.94,11.31,62.03,14.39
Loja C,2025-01-13,181.99,10.52,40.87,13.53
Loja C,2025-01-14,72.42,16.15,105.19,8.03
Loja C,2025-01-15,121.21,98.64,61.04,3.75
Loja C,2025-01-16,20.76,174.07,11.54,15.04
Loja C,2025-01-17,112.73,46.0,36.05,123.11
Loja C,2025-01-18,86.81,28.21,142.54,91.14
Loja C,2025-01-19,203.71,16.65,148.87,88.1
Loja C,2025-01-20,72.46,36.77,4.3,261.75
Loja C,2025-01-21,23.12,66.86,172.5,48.7
Loja C,2025-01-22,27.68,17.08,148.68,62.67
Loja C,2025-01-23,87.24,44.27,148.63,99.68
Loja C,2025-01-24,49.26,135.42,83.22,0.98
Loja C,2025-01-25,145.71,11.59,63.05,36.23
Loja C,2025-01-26,19.05,29.53,264.7,23.89
Loja C,2025-01-27,33.02,155.99,44.22,18.3
Loja C,2025-01-28,14.57,6.55,159.72,157.52
Loja C,2025-01-29,8.17,61.0,5.51,98.26
Loja C,2025-01-30,70.87,2.24,263.75,29.45
Loja C,2025-01-31,56.6,31.67,123.42,62.96
Loja C,2025-02-01,26.77,20.75,243.65,51.02
Loja C,2025-02-02,11.07,51.66,121.19,24.4
Loja C,2025-02-03,35.57,197.35,17.59,105.43
Loja C,2025-02-04,124.46,73.87,2.56,15.47
Loja C,2025-02-05,5.74,111.31,159.26,10.0
Loja C,2025-02-06,62.37,103.76,14.99,11.7
Loja C,2025-02-07,0.63,29.49,127.58,129.57
Loja C,2025-02-08,14.57,24.37,55.9,161.72
Loja C,2025-02-09,85.99,65.53,81.44,9.19
Loja C,2025-02-10,25.59,190.58,3.65,28.86
Loja C,2025-02-11,31.98,70.84,77.83,78.61
Loja C,2025-02-12,133.31,34.44,50.65,0.77
Loja C,2025-02-13,78.25,15.08,85.15,15.5
Loja C,2025-02-14,0.62,9.66,243.85,22.13
Loja C,2025-02-15,64.95,71.27,209.45,21.63
Loja C,2025-02-16,91.18,30.61,93.24,19.31
Loja C,2025-02-17,64.99,105.38,7.4,58.84
Loja C,2025-02-18,63.17,48.2,162.66,155.71
Loja C,2025-02-19,145.5,25.27,49.14,34.37
Loja C,2025-02-20,52.74,41.92,27.19,104.56
Loja C,2025-02-21,5.16,192.6,6.48,77.52
Loja C,2025-02-22,47.14,205.77,7.91,48.2
Loja C,2025-02-23,14.88,181.55,154.33,7.67
Loja C,2025-02-24,120.29,92.79,20.29,22.22
Loja C,2025-02-25,278.06,36.98,8.25,14.83
Loja C,2025-02-26,37.86,86.67,49.54,73.55
Loja C,2025-02-27,16.89,36.69,6.76,204.45
Loja C,2025-02-28,21.98,140.32,42.67,63.82
Loja C,2025-03-01,32.2,111.51,174.11,31.54
Loja C,2025-03-02,28.4,117.15,22.23,104.58
Loja C,2025-03-03,11.28,110.07,81.91,13.75
Loja C,2025-03-04,133.73,75.55,31.26,55.68
Loja C,2025-03-05,32.39,4.59,151.1,52.36
Loja C,2025-03-06,10.52,168.29,37.86,88.32
Loja C,2025-03-07,19.73,80.36,78.04,48.82
Loja C,2025-03-08,51.26,54.42,89.75,29.13
Loja C,2025-03-09,18.12,50.71,78.14,17.78
Loja C,2025-03-10,20.64,138.7,171.75,40.94
Loja C,2025-03-11,3.5,152.34,196.65,2.33
Loja C,2025-03-12,48.34,47.47,25.45,74.09
Loja C,2025-03-13,76.93,155.44,100.19,39.31
Loja C,2025-03-14,62.04,88.82,242.54,31.81
Loja C,2025-03-15,2.2,145.73,32.23,96.5
Loja C,2025-03-16,11.5,43.91,15.08,189.31
Loja C,2025-03-17,145.61,47.72,14.17,9.32
Loja C,2025-03-18,66.08,52.59,88.4,27.13
Loja C,2025-03-19,91.68,3.85,167.76,97.98
Loja C,2025-03-20,143.53,58.41,28.94,17.41
Loja C,2025-03-21,130.38,0.91,21.9,158.96
Loja C,2025-03-22,75.93,54.43,16.28,128.19
Loja C,2025-03-23,75.72,94.6,70.62,57.07
Loja C,2025-03-24,49.59,14.91,16.44,49.94
Loja C,2025-03-25,47.39,1.07,165.17,128.19
Loja C,2025-03-26,108.42,10.66,101.16,56.61
Loja C,2025-03-27,41.95,32.87,52.84,56.94
Loja C,2025-03-28,7.01,73.13,51.25,16.23
Loja C,2025-03-29,90.45,107.93,10.03,13.44
Loja C,2025-03-30,132.07,38.77,9.9,48.32
Loja C,2025-03-31,35.6,64.07,39.91,43.43
Loja C,2025-04-01,0.66,299.94,49.51,12.74
Loja C,2025-04-02,2.66,23.77,144.9,4.59
Loja C,2025-04-03,21.58,118.62,170.4,71.71
Loja C,2025-04-04,22.85,35.04,23.92,156.59
Loja C,2025-04-05,2.43,15.13,93.59,101.65
Loja C,2025-04-06,8.24,253.77,82.39,22.18
Loja C,2025-04-07,107.26,62.11,28.63,60.63
Loja C,2025-04-08,73.24,147.58,38.13,36.09
Loja C,2025-04-09,28.23,46.27,62.3,17.7
Loja C,2025-04-10,106.82,59.69,152.5,21.77
Loja C,2025-04-11,19.22,35.93,142.48,55.11
Loja C,2025-04-12,161.41,5.23,29.58,26.06
Loja C,2025-04-13,43.77,79.78,87.93,52.96
Loja C,2025-04-14,35.66,103.45,16.82,62.16
Loja C,2025-04-15,147.99,39.33,75.95,27.52
Loja C,2025-04-16,25.63,130.84,32.41,90.64
Loja C,2025-04-17,173.66,7.57,2.6,78.52
Loja C,2025-04-18,103.58,139.41,134.06,23.34
Loja C,2025-04-19,0.19,120.31,12.92,29.21
Loja C,2025-04-20,169.54,83.19,5.42,33.71
Loja C,2025-04-21,58.73,53.75,64.15,27.42
Loja C,2025-04-22,30.68,99.13,165.49,148.72
Loja C,2025-04-23,3.91,3.59,179.46,8.79
Loja C,2025-04-24,27.92,116.82,42.19,16.03
Loja C,2025-04-25,58.43,78.09,55.95,233.17
Loja C,2025-04-26,73.17,236.45,26.01,108.77
Loja C,2025-04-27,138.55,26.12,91.39,17.08
Loja C,2025-04-28,16.98,116.09,176.15,18.86
Loja C,2025-04-29,221.04,22.64,11.31,20.04
Loja C,2025-04-30,19.9,10.18,171.18,73.27
Loja C,2025-05-01,31.9,195.09,30.07,11.85
Loja C,2025-05-02,57.83,49.31,124.71,62.23
Loja C,2025-05-03,26.62,40.59,55.09,45.43
Loja C,2025-05-04,49.24,26.35,167.27,47.45
Loja C,2025-05-05,7.3,61.55,32.53,116.0
Loja C,2025-05-06,15.51,158.31,58.43,2.44
Loja C,2025-05-07,66.28,77.09,110.78,64.2
Loja C,2025-05-08,36.61,25.43,17.55,161.97
Loja C,2025-05-09,40.47,6.94,19.39,206.18
Loja C,2025-05-10,53.6,91.54,100.38,105.15
Loja C,2025-05-11,158.73,38.69,31.84,169.33
Loja C,2025-05-12,45.57,81.51,68.88,92.01
Loja C,2025-05-13,4.87,4.98,190.73,32.01
Loja C,2025-05-14,42.46,31.8,161.05,72.54
Loja C,2025-05-15,51.36,92.34,12.02,47.06
Loja C,2025-05-16,79.07,58.21,39.57,11.6
Loja C,2025-05-17,111.78,21.94,118.12,65.04
Loja C,2025-05-18,58.25,5.18,33.04,274.63
Loja C,2025-05-19,65.11,32.69,24.0,39.81
Loja C,2025-05-20,39.57,65.15,23.15,114.91
Loja C,2025-05-21,83.81,27.73,122.97,46.26
Loja C,2025-05-22,17.63,7.43,110.47,184.01
Loja C,2025-05-23,200.62,129.84,18.56,12.03
Loja C,2025-05-24,14.91,68.01,114.97,9.73
Loja C,2025-05-25,82.11,48.78,1.85,44.77
Loja C,2025-05-26,79.2,15.61,109.97,13.02
Loja C,2025-05-27,8.2,17.96,186.94,55.66
Loja C,2025-05-28,98.06,46.6,40.29,101.16
Loja C,2025-05-29,55.35,162.78,10.66,101.66
Loja C,2025-05-30,58.53,110.71,12.26,44.74
Loja C,2025-05-31,196.48,166.96,39.05,49.87
Loja C,2025-06-01,106.01,80.96,28.16,103.04
Loja C,2025-06-02,3.47,40.38,83.46,75.19
Loja C,2025-06-03,39.0,114.33,46.63,153.29
Loja C,2025-06-04,65.82,125.92,7.12,77.57
Loja C,2025-06-05,32.87,38.73,48.93,102.94
Loja C,2025-06-06,79.28,12.76,89.98,6.7
Loja C,2025-06-07,31.1,68.49,3.41,60.56
Loja C,2025-06-08,172.32,75.35,39.73,55.91
Loja C,2025-06-09,198.37,12.9,49.64,4.98
Loja C,2025-06-10,12.91,75.71,18.93,223.4
Loja C,2025-06-11,76.58,80.11,4.08,345.62
Loja C,2025-06-12,17.69,71.41,46.53,49.62
Loja C,2025-06-13,48.92,51.49,7.95,32.85
Loja C,2025-06-14,141.96,53.2,16.47,34.13
Loja C,2025-06-15,29.3,16.5,58.19,95.56
Loja C,2025-06-16,1.89,23.19,124.38,83.36
Loja C,2025-06-17,115.25,20.2,1.48,116.94
Loja C,2025-06-18,13.32,53.48,182.66,45.64
Loja C,2025-06-19,90.76,75.93,71.3,85.65
Loja C,2025-06-20,18.91,99.5,33.46,83.79
Loja C,2025-06-21,4.8,45.11,132.04,1.64
Loja C,2025-06-22,33.0,44.2,188.61,115.08
Loja C,2025-06-23,70.62,27.57,28.45,54.2
Loja C,2025-06-24,45.96,44.56,144.65,154.87
Loja C,2025-06-25,5.28,56.54,87.29,157.8
Loja C,2025-06-26,22.24,71.26,113.66,13.77
Loja C,2025-06-27,78.06,43.24,66.46,91.43
Loja C,2025-06-28,242.18,23.08,9.84,106.66
Loja C,2025-06-29,75.02,26.62,18.64,122.54
Loja C,2025-06-30,17.74,295.93,25.84,11.84
Loja C,2025-07-01,95.91,27.1,65.94,63.76
Loja C,2025-07-02,32.93,86.65,13.3,127.88
Loja C,2025-07-03,209.87,54.26,26.68,43.91
Loja C,2025-07-04,20.08,40.41,2.36,122.01
Loja C,2025-07-05,37.53,118.3,41.81,107.15
Loja C,2025-07-06,72.19,37.92,10.24,81.55
Loja C,2025-07-07,88.66,77.01,103.41,53.13
Loja C,2025-07-08,77.11,51.88,28.06,90.31
Loja C,2025-07-09,90.11,36.87,103.13,18.06
Loja C,2025-07-10,57.09,50.27,53.35,49.78
Loja C,2025-07-11,21.01,13.0,322.46,3.89
Loja C,2025-07-12,76.7,67.33,54.29,185.27
Loja C,2025-07-13,53.3,91.81,19.61,32.36
Loja C,2025-07-14,36.06,82.38,56.36,20.47
Loja C,2025-07-15,17.93,2.72,202.29,213.22
Loja C,2025-07-16,122.11,29.23,90.89,33.84
Loja C,2025-07-17,32.91,26.48,134.56,14.66
Loja C,2025-07-18,102.76,53.39,129.71,99.13
Loja C,2025-07-19,153.98,6.4,14.9,86.88
Loja C,2025-07-20,36.3,14.3,55.21,83.31
Loja C,2025-07-21,4.36,32.75,157.46,69.77
Loja C,2025-07-22,5.57,51.19,157.53,34.36
Loja C,2025-07-23,88.28,56.73,32.04,124.25
Loja C,2025-07-24,74.94,40.39,163.21,128.35
Loja C,2025-07-25,58.19,60.01,72.37,49.04
Loja C,2025-07-26,76.66,65.21,35.97,31.39
Loja C,2025-07-27,97.34,71.44,19.2,66.92
Loja C,2025-07-28,30.92,63.31,118.6,40.19
Loja C,2025-07-29,94.55,57.35,136.68,68.2
Loja C,2025-07-30,95.94,91.29,13.88,128.21
Loja C,2025-07-31,91.78,70.79,118.31,58.77
Loja C,2025-08-01,39.4,26.98,67.1,111.11
Loja C,2025-08-02,85.91,72.07,0.65,113.54
Loja C,2025-08-03,26.66,181.59,18.2,48.05
Loja C,2025-08-04,75.08,55.47,29.17,61.59
Loja C,2025-08-05,92.69,37.56,121.0,26.6
Loja C,2025-08-06,135.6,0.36,91.13,58.7
Loja C,2025-08-07,24.13,48.45,69.26,224.6
Loja C,2025-08-08,111.54,78.69,40.62,31.02
Loja C,2025-08-09,3.7,49.71,210.78,54.14
Loja C,2025-08-10,89.58,45.9,46.36,9.24
Loja C,2025-08-11,120.78,75.45,118.22,100.49
Loja C,2025-08-12,47.53,41.2,43.74,20.5
Loja C,2025-08-13,50.48,313.16,6.45,19.14
Loja C,2025-08-14,54.34,95.08,0.82,126.92
Loja C,2025-08-15,79.82,64.69,53.73,71.5
Loja C,2025-08-16,26.58,17.34,51.51,186.21
Loja C,2025-08-17,98.05,72.28,93.64,90.52
Loja C,2025-08-18,34.0,9.51,210.52,84.92
Loja C,2025-08-19,77.19,40.23,91.13,56.66
Loja C,2025-08-20,6.1,243.41,40.19,16.36
Loja C,2025-08-21,4.36,60.3,57.59,56.98
Loja C,2025-08-22,197.48,34.26,65.74,77.13
Loja C,2025-08-23,166.71,16.06,134.31,6.91
Loja C,2025-08-24,101.7,70.58,119.57,2.05
Loja C,2025-08-25,7.8,6.93,86.22,88.6
Loja C,2025-08-26,143.52,38.24,4.28,14.26
Loja C,2025-08-27,0.29,54.03,60.92,222.89
Loja C,2025-08-28,99.73,3.66,50.21,166.32
Loja C,2025-08-29,133.97,4.48,5.31,49.59
Loja C,2025-08-30,61.58,16.14,93.89,7.72
Loja C,2025-08-31,268.02,23.13,8.75,42.75
Loja C,2025-09-01,17.12,61.61,95.56,55.57
Loja C,2025-09-02,42.34,17.79,1.11,143.09
Loja C,2025-09-03,66.91,2.98,23.31,39.4
Loja C,2025-09-04,17.78,72.52,64.12,19.63
Loja C,2025-09-05,14.78,138.17,37.82,27.17
Loja C,2025-09-06,89.06,88.6,21.52,137.04
Loja C,2025-09-07,67.05,24.41,32.08,74.63
Loja C,2025-09-08,23.26,61.89,103.71,75.87
Loja C,2025-09-09,106.27,89.58,25.19,59.86
Loja C,2025-09-10,40.24,80.27,56.24,29.48
Loja C,2025-09-11,204.25,6.36,12.91,23.27
Loja C,2025-09-12,45.34,171.58,7.05,34.13
Loja C,2025-09-13,15.7,52.0,94.34,72.44
Loja C,2025-09-14,40.47,167.78,6.14,74.86
Loja C,2025-09-15,157.53,58.6,15.61,55.45
Loja C,2025-09-16,23.69,53.63,71.84,46.18
Loja C,2025-09-17,125.16,37.44,83.81,64.76
Loja C,2025-09-18,102.53,65.08,0.21,90.06
Loja C,2025-09-19,61.83,17.61,82.65,186.92
Loja C,2025-09-20,99.38,14.28,23.84,58.06
Loja C,2025-09-21,37.27,14.07,30.36,210.34
Loja C,2025-09-22,7.42,17.07,26.71,80.29
Loja C,2025-09-23,92.31,18.45,89.37,5.86
Loja C,2025-09-24,10.9,190.39,45.52,13.14
Loja C,2025-09-25,42.48,97.03,111.32,126.6
Loja C,2025-09-26,38.41,91.91,32.51,42.56
Loja C,2025-09-27,117.98,45.98,6.34,35.77
Loja C,2025-09-28,225.08,49.16,36.97,79.82
Loja C,2025-09-29,3.78,157.75,34.72,15.38
Loja C,2025-09-30,96.45,148.65,1.61,21.37
Loja C,2025-10-01,71.34,11.95,68.52,7.87
Loja C,2025-10-02,34.01,33.32,12.32,313.54
Loja C,2025-10-03,64.5,51.06,31.57,31.0
Loja C,2025-10-04,77.39,125.16,16.71,35.11
Loja C,2025-10-05,29.65,60.17,31.28,52.9
Loja C,2025-10-06,36.87,72.52,224.51,9.57
Loja C,2025-10-07,104.05,29.39,40.99,83.62
Loja C,2025-10-08,87.5,90.06,124.36,3.2
Loja C,2025-10-09,61.94,31.04,237.33,8.28
Loja C,2025-10-10,23.13,110.84,87.01,45.46
Loja C,2025-10-11,172.01,63.68,88.36,18.26
Loja C,2025-10-12,178.88,45.39,127.81,51.33
Loja C,2025-10-13,55.7,72.24,144.43,21.16
Loja C,2025-10-14,67.58,18.51,10.46,123.27
Loja C,2025-10-15,9.56,2.81,103.71,34.86
Loja C,2025-10-16,21.83,8.29,19.28,96.23
Loja C,2025-10-17,87.33,81.1,12.34,79.4
Loja C,2025-10-18,69.49,83.68,216.45,54.12
Loja C,2025-10-19,22.35,290.61,33.52,48.95
Loja C,2025-10-20,79.55,74.64,104.54,13.18
Loja C,2025-10-21,76.04,23.56,136.36,60.6
Loja C,2025-10-22,179.81,0.05,9.48,87.25
Loja C,2025-10-23,120.64,84.18,194.47,20.49
Loja C,2025-10-24,6.85,52.49,161.88,20.87
Loja C,2025-10-25,82.76,13.41,149.51,54.38
Loja C,2025-10-26,18.24,100.99,82.49,147.03
Loja C,2025-10-27,151.65,13.1,171.78,2.92
Loja C,2025-10-28,27.28,41.25,146.61,39.75
Loja C,2025-10-29,32.75,138.08,95.45,123.65
Loja C,2025-10-30,18.43,58.35,13.65,114.44
Loja C,2025-10-31,112.7,10.23,275.59,119.81
Loja C,2025-11-01,58.21,7.16,153.25,71.62
Loja C,2025-11-02,183.53,2.74,3.07,229.77
Loja C,2025-11-03,164.53,1.38,61.85,12.3
Loja C,2025-11-04,98.5,165.49,8.66,22.23
Loja C,2025-11-05,4.76,8.76,5.88,315.19
Loja C,2025-11-06,27.48,52.73,120.29,53.0
Loja C,2025-11-07,117.55,2.44,175.98,27.93
Loja C,2025-11-08,75.0,15.45,58.14,53.87
Loja C,2025-11-09,100.55,32.56,32.58,208.48
Loja C,2025-11-10,2.15,33.36,156.89,282.87
Loja C,2025-11-11,46.03,109.93,84.49,6.92
Loja C,2025-11-12,26.82,46.39,134.79,0.83
Loja C,2025-11-13,99.1,49.17,0.9,87.52
Loja C,2025-11-14,24.12,87.86,55.95,82.76
Loja C,2025-11-15,114.4,75.03,135.64,45.96
Loja C,2025-11-16,58.1,110.73,14.61,40.84
Loja C,2025-11-17,61.23,48.67,26.64,60.15
Loja C,2025-11-18,3.18,51.21,84.33,2.31
Loja C,2025-11-19,62.6,93.83,125.79,10.63
Loja C,2025-11-20,193.22,38.61,18.7,11.87
Loja C,2025-11-21,50.71,127.24,43.82,64.57
Loja C,2025-11-22,53.51,59.38,40.75,147.82
Loja C,2025-11-23,48.03,22.84,49.76,207.53
Loja C,2025-11-24,96.81,29.43,171.4,5.62
Loja C,2025-11-25,45.1,120.51,109.42,81.25
Loja C,2025-11-26,108.33,91.89,104.36,116.65
Loja C,2025-11-27,134.4,22.06,92.53,82.45
Loja C,2025-11-28,143.61,13.2,3.02,52.92
Loja C,2025-11-29,93.49,23.1,58.68,4.26
Loja C,2025-11-30,192.98,6.98,4.19,2.7
Loja C,2025-12-01,50.58,9.28,123.89,207.96
Loja C,2025-12-02,84.97,279.36,12.2,137.77
Loja C,2025-12-03,63.76,47.74,190.34,25.66
Loja C,2025-12-04,79.07,43.85,49.76,109.86
Loja C,2025-12-05,132.65,37.29,31.79,18.99
Loja C,2025-12-06,121.86,74.89,261.81,26.42
Loja C,2025-12-07,66.04,67.55,291.55,18.54
Loja C,2025-12-08,108.27,99.32,13.52,94.18
Loja C,2025-12-09,49.1,4.59,48.61,218.16
Loja C,2025-12-10,139.64,27.45,26.19,12.16
Loja C,2025-12-11,270.05,14.8,27.85,0.14
Loja C,2025-12-12,68.3,11.78,216.53,130.89
Loja C,2025-12-13,51.07,20.31,101.46,0.2
Loja C,2025-12-14,34.43,91.38,202.32,22.68
Loja C,2025-12-15,32.86,32.58,87.46,2.19
Loja C,2025-12-16,199.3,72.68,7.85,57.37
Loja C,2025-12-17,163.91,10.57,119.51,10.04
Loja C,2025-12-18,181.48,72.04,8.14,59.1
Loja C,2025-12-19,82.68,104.16,125.08,118.45
Loja C,2025-12-20,55.59,74.52,20.34,131.55
Loja C,2025-12-21,216.25,3.22,1.17,42.93
Loja C,2025-12-22,87.62,31.94,29.46,111.27
Loja C,2025-12-23,49.82,9.9,116.82,61.66
Loja C,2025-12-24,78.7,201.13,20.89,110.39
Loja C,2025-12-25,37.87,8.66,84.5,33.43
Loja C,2025-12-26,166.43,185.87,26.69,4.13
Loja C,2025-12-27,140.77,0.18,37.69,61.02
Loja C,2025-12-28,59.25,63.28,44.79,9.85
Loja C,2025-12-29,212.01,47.12,40.21,131.86
Loja C,2025-12-30,130.89,6.28,7.13,176.68
Loja C,2025-12-31,93.61,44.24,26.71,89.02
Loja D,2025-01-01,81.06,53.83,23.93,13.71
Loja D,2025-01-02,97.42,60.71,74.42,130.19
Loja D,2025-01-03,18.46,163.53,15.67,65.36
Loja D,2025-01-04,165.02,79.92,53.94,77.57
Loja D,2025-01-05,44.48,109.51,23.49,37.15
Loja D,2025-01-06,0.74,107.36,155.75,43.29
Loja D,2025-01-07,95.89,49.19,23.07,130.82
Loja D,2025-01-08,49.95,47.62,59.18,106.57
Loja D,2025-01-09,37.65,6.78,17.99,112.31
Loja D,2025-01-10,32.98,113.55,68.45,44.72
Loja D,2025-01-11,65.5,55.3,157.14,86.35
Loja D,2025-01-12,71.53,63.76,16.69,54.13
Loja D,2025-01-13,72.42,41.45,56.54,239.58
Loja D,2025-01-14,103.14,78.44,100.37,55.93
Loja D,2025-01-15,73.26,14.85,158.39,23.81
Loja D,2025-01-16,27.38,4.01,115.27,18.21
Loja D,2025-01-17,79.98,67.79,57.92,81.35
Loja D,2025-01-18,9.46,101.44,27.62,137.78
Loja D,2025-01-19,227.95,168.06,8.86,33.45
Loja D,2025-01-20,104.1,29.97,23.73,111.66
Loja D,2025-01-21,255.55,44.46,51.36,33.64
Loja D,2025-01-22,64.13,185.39,52.47,3.97
Loja D,2025-01-23,29.5,214.06,21.29,39.15
Loja D,2025-01-24,11.12,15.01,204.82,35.22
Loja D,2025-01-25,17.02,22.87,158.54,4.12
Loja D,2025-01-26,58.66,14.35,65.04,164.8
Loja D,2025-01-27,64.3,20.77,23.38,213.24
Loja D,2025-01-28,37.62,72.5,54.95,105.63
Loja D,2025-01-29,4.83,121.56,123.06,33.32
Loja D,2025-01-30,61.03,66.2,89.16,47.4
Loja D,2025-01-31,92.46,129.2,157.22,55.12
Loja D,2025-02-01,50.06,39.24,99.36,55.74
Loja D,2025-02-02,51.02,34.19,118.96,4.98
Loja D,2025-02-03,70.99,71.66,40.47,45.69
Loja D,2025-02-04,78.77,16.12,100.34,110.89
Loja D,2025-02-05,63.76,89.87,57.55,45.17
Loja D,2025-02-06,135.78,13.26,6.68,13.53
Loja D,2025-02-07,72.43,15.56,181.91,40.21
Loja D,2025-02-08,218.03,32.95,43.18,7.02
Loja D,2025-02-09,20.59,46.56,201.82,34.02
Loja D,2025-02-10,101.85,55.68,4.78,69.85
Loja D,2025-02-11,6.16,194.5,126.43,43.02
Loja D,2025-02-12,40.7,4.73,48.27,68.88
Loja D,2025-02-13,180.62,35.03,32.07,77.18
Loja D,2025-02-14,73.53,54.21,9.54,32.4
Loja D,2025-02-15,97.44,11.59,67.98,11.95
Loja D,2025-02-16,31.18,16.44,52.45,137.43
Loja D,2025-02-17,70.76,12.42,27.33,77.98
Loja D,2025-02-18,112.2,110.28,10.27,179.64
Loja D,2025-02-19,77.76,23.13,41.08,79.44
Loja D,2025-02-20,49.42,53.89,61.39,14.5
Loja D,2025-02-21,59.72,126.16,24.0,155.44
Loja D,2025-02-22,78.69,44.7,79.3,41.76
Loja D,2025-02-23,82.82,29.95,105.31,32.43
Loja D,2025-02-24,26.39,148.9,3.88,32.61
Loja D,2025-02-25,11.15,136.2,67.7,207.65
Loja D,2025-02-26,154.68,5.99,11.37,70.75
Loja D,2025-02-27,93.76,23.7,17.78,106.55
Loja D,2025-02-28,2.98,122.85,97.69,91.36
Loja D,2025-03-01,0.77,2.32,37.95,246.78
Loja D,2025-03-02,60.73,61.18,20.9,162.59
Loja D,2025-03-03,85.28,8.76,51.64,90.16
Loja D,2025-03-04,30.49,50.29,75.94,51.89
Loja D,2025-03-05,19.44,39.02,46.88,10.0
Loja D,2025-03-06,13.7,122.63,17.32,190.42
Loja D,2025-03-07,1.11,121.41,42.49,71.19
Loja D,2025-03-08,24.95,235.3,12.67,15.07
Loja D,2025-03-09,3.32,177.33,38.27,70.61
Loja D,2025-03-10,80.01,142.79,75.23,56.8
Loja D,2025-03-11,88.94,99.79,14.77,8.34
Loja D,2025-03-12,5.85,35.2,51.78,71.85
Loja D,2025-03-13,151.38,19.18,68.31,36.18
Loja D,2025-03-14,12.9,49.58,177.33,6.89
Loja D,2025-03-15,104.1,7.79,56.99,142.55
Loja D,2025-03-16,93.16,66.38,31.48,121.53
Loja D,2025-03-17,24.65,95.89,43.93,156.52
Loja D,2025-03-18,91.62,132.98,13.84,63.3
Loja D,2025-03-19,173.32,175.28,90.61,1.46
Loja D,2025-03-20,17.57,22.64,110.77,106.56
Loja D,2025-03-21,8.27,223.73,15.06,40.0
Loja D,2025-03-22,16.22,131.83,92.68,29.21
Loja D,2025-03-23,80.24,14.28,33.75,33.17
Loja D,2025-03-24,17.21,132.37,71.94,20.8
Loja D,2025-03-25,56.68,3.7,87.0,152.97
Loja D,2025-03-26,45.76,169.57,74.63,53.49
Loja D,2025-03-27,132.15,14.4,23.99,22.75
Loja D,2025-03-28,27.87,24.76,36.35,201.6
Loja D,2025-03-29,147.13,115.37,61.68,71.57
Loja D,2025-03-30,74.08,18.41,95.83,163.13
Loja D,2025-03-31,19.9,31.15,102.93,154.26
Loja D,2025-04-01,114.93,28.85,58.86,69.76
Loja D,2025-04-02,9.61,54.17,10.29,166.83
Loja D,2025-04-03,81.66,66.23,22.64,42.99
Loja D,2025-04-04,10.91,173.57,74.31,0.63
Loja D,2025-04-05,93.53,28.82,10.75,119.23
Loja D,2025-04-06,25.83,107.37,183.08,148.01
Loja D,2025-04-07,168.47,68.3,65.97,19.48
Loja D,2025-04-08,0.3,47.6,295.29,18.69
Loja D,2025-04-09,229.37,8.28,19.05,10.14
Loja D,2025-04-10,44.94,111.15,29.04,165.0
Loja D,2025-04-11,81.19,64.6,159.54,11.03
Loja D,2025-04-12,162.83,30.5,36.12,100.25
Loja D,2025-04-13,99.32,36.94,44.77,64.1
Loja D,2025-04-14,18.23,106.61,32.86,11.73
Loja D,2025-04-15,100.97,66.2,60.85,77.8
Loja D,2025-04-16,15.05,83.09,65.43,78.84
Loja D,2025-04-17,31.35,109.31,10.33,63.02
Loja D,2025-04-18,27.33,63.61,33.17,132.58
Loja D,2025-04-19,221.96,135.75,19.31,32.15
Loja D,2025-04-20,65.42,14.94,73.62,12.95
Loja D,2025-04-21,105.33,90.33,37.53,0.31
Loja D,2025-04-22,25.77,122.06,109.06,10.46
Loja D,2025-04-23,26.15,92.66,44.28,96.47
Loja D,2025-04-24,126.61,172.02,9.01,11.34
Loja D,2025-04-25,8.03,254.17,59.86,6.17
Loja D,2025-04-26,30.36,33.89,129.8,104.08
Loja D,2025-04-27,91.41,1.73,188.87,18.98
Loja D,2025-04-28,234.07,15.06,20.07,2.27
Loja D,2025-04-29,165.04,196.3,10.24,67.87
Loja D,2025-04-30,178.64,10.01,22.86,51.74
Loja D,2025-05-01,81.8,13.03,259.38,19.44
Loja D,2025-05-02,49.61,13.23,115.79,28.34
Loja D,2025-05-03,104.54,26.63,51.76,204.88
Loja D,2025-05-04,87.61,10.96,61.05,64.63
Loja D,2025-05-05,10.61,70.08,33.76,70.36
Loja D,2025-05-06,335.07,38.46,29.38,70.05
Loja D,2025-05-07,219.72,99.5,1.42,37.01
Loja D,2025-05-08,15.21,51.95,31.42,170.6
Loja D,2025-05-09,12.05,43.22,58.74,85.15
Loja D,2025-05-10,45.43,100.97,31.41,49.71
Loja D,2025-05-11,122.41,162.17,68.73,25.4
Loja D,2025-05-12,115.05,1.76,7.27,72.64
Loja D,2025-05-13,17.02,149.54,28.33,27.74
Loja D,2025-05-14,79.42,102.24,45.22,16.87
Loja D,2025-05-15,84.38,21.96,10.94,56.78
Loja D,2025-05-16,2.19,81.98,23.09,98.33
Loja D,2025-05-17,30.28,259.55,11.51,3.04
Loja D,2025-05-18,5.69,106.0,14.69,121.69
Loja D,2025-05-19,72.74,74.97,185.1,32.65
Loja D,2025-05-20,81.11,48.63,137.4,25.3
Loja D,2025-05-21,101.35,21.42,90.59,0.69
Loja D,2025-05-22,80.82,105.29,3.39,53.7
Loja D,2025-05-23,96.79,49.22,3.94,70.68
Loja D,2025-05-24,10.95,297.86,7.7,25.88
Loja D,2025-05-25,20.37,63.52,237.07,7.94
Loja D,2025-05-26,19.78,59.11,232.36,80.87
Loja D,2025-05-27,36.47,77.42,28.37,48.19
Loja D,2025-05-28,14.76,59.53,94.22,52.04
Loja D,2025-05-29,78.55,95.35,18.15,186.64
Loja D,2025-05-30,62.14,159.36,15.33,97.64
Loja D,2025-05-31,32.37,8.67,30.88,72.42
Loja D,2025-06-01,96.96,49.19,1.91,79.61
Loja D,2025-06-02,128.25,44.46,24.8,14.77
Loja D,2025-06-03,9.5,258.45,49.55,4.52
Loja D,2025-06-04,94.85,123.45,34.73,8.44
Loja D,2025-06-05,33.05,179.18,13.53,127.65
Loja D,2025-06-06,39.74,54.67,125.35,26.68
Loja D,2025-06-07,29.14,65.74,61.27,211.92
Loja D,2025-06-08,6.61,167.39,144.0,123.45
Loja D,2025-06-09,52.52,245.62,28.65,18.85
Loja D,2025-06-10,1.52,92.38,12.14,82.3
Loja D,2025-06-11,9.45,70.73,69.58,76.42
Loja D,2025-06-12,33.84,99.22,148.67,19.38
Loja D,2025-06-13,33.5,78.41,22.05,86.52
Loja D,2025-06-14,22.72,219.38,38.61,102.75
Loja D,2025-06-15,32.48,198.21,23.35,179.4
Loja D,2025-06-16,162.02,70.86,27.32,26.39
Loja D,2025-06-17,41.83,0.59,50.69,204.21
Loja D,2025-06-18,5.61,28.44,109.0,65.78
Loja D,2025-06-19,85.15,77.33,16.57,99.19
Loja D,2025-06-20,137.08,33.1,21.16,25.85
Loja D,2025-06-21,56.28,33.04,133.31,114.41
Loja D,2025-06-22,56.12,9.1,144.04,17.38
Loja D,2025-06-23,33.69,270.18,140.83,17.08
Loja D,2025-06-24,46.15,155.18,100.32,47.33
Loja D,2025-06-25,9.11,42.75,93.51,44.47
Loja D,2025-06-26,95.0,41.78,71.74,128.41
Loja D,2025-06-27,82.62,134.0,31.41,130.63
Loja D,2025-06-28,51.92,109.03,2.15,57.3
Loja D,2025-06-29,100.55,10.22,57.87,93.03
Loja D,2025-06-30,32.71,50.05,81.18,70.53
Loja D,2025-07-01,23.02,59.83,60.98,175.18
Loja D,2025-07-02,20.8,99.91,62.67,106.41
Loja D,2025-07-03,7.57,69.34,40.85,198.06
Loja D,2025-07-04,60.3,99.72,2.33,62.54
Loja D,2025-07-05,38.47,86.35,35.06,38.5
Loja D,2025-07-06,11.05,229.64,66.35,4.14
Loja D,2025-07-07,3.11,142.72,19.23,91.68
Loja D,2025-07-08,89.97,80.41,59.82,63.11
Loja D,2025-07-09,38.33,18.46,114.57,75.24
Loja D,2025-07-10,8.8,95.75,70.01,168.22
Loja D,2025-07-11,97.07,88.15,60.05,64.2
Loja D,2025-07-12,169.84,8.2,32.51,58.67
Loja D,2025-07-13,92.15,54.08,55.02,43.22
Loja D,2025-07-14,56.01,272.87,93.52,36.51
Loja D,2025-07-15,22.97,5.29,110.91,24.82
Loja D,2025-07-16,205.89,22.36,94.79,15.51
Loja D,2025-07-17,16.78,6.83,197.46,79.11
Loja D,2025-07-18,71.85,209.28,34.95,45.24
Loja D,2025-07-19,93.99,34.18,88.55,23.63
Loja D,2025-07-20,19.29,6.94,94.2,86.22
Loja D,2025-07-21,164.57,20.42,67.72,21.26
Loja D,2025-07-22,46.4,135.74,14.96,19.06
Loja D,2025-07-23,48.04,197.27,59.26,56.36
Loja D,2025-07-24,165.04,11.86,6.97,23.9
Loja D,2025-07-25,232.13,10.35,138.32,5.22
Loja D,2025-07-26,129.4,51.44,63.41,108.99
Loja D,2025-07-27,93.07,44.07,98.16,38.34
Loja D,2025-07-28,0.53,23.13,176.96,77.26
Loja D,2025-07-29,204.05,8.65,17.97,22.97
Loja D,2025-07-30,40.2,29.53,59.59,104.55
Loja D,2025-07-31,54.08,12.05,178.81,89.11
Loja D,2025-08-01,42.14,31.5,114.57,42.4
Loja D,2025-08-02,158.79,44.19,21.41,27.16
Loja D,2025-08-03,42.3,43.25,66.6,14.56
Loja D,2025-08-04,47.41,66.46,49.76,28.98
Loja D,2025-08-05,165.38,17.92,3.89,59.51
Loja D,2025-08-06,70.78,370.73,58.52,5.05
Loja D,2025-08-07,23.62,64.19,15.29,29.88
Loja D,2025-08-08,83.31,84.61,97.96,105.96
Loja D,2025-08-09,43.61,161.61,59.67,50.85
Loja D,2025-08-10,127.75,24.24,157.02,56.55
Loja D,2025-08-11,10.24,9.56,13.56,166.48
Loja D,2025-08-12,314.84,29.56,23.13,16.53
Loja D,2025-08-13,76.38,10.33,113.43,48.42
Loja D,2025-08-14,115.96,41.17,59.83,49.26
Loja D,2025-08-15,79.74,80.99,39.94,44.87
Loja D,2025-08-16,118.76,123.78,50.84,0.36
Loja D,2025-08-17,13.48,238.49,10.82,29.35
Loja D,2025-08-18,26.15,91.47,85.75,34.09
Loja D,2025-08-19,17.29,107.44,203.59,4.03
Loja D,2025-08-20,7.68,55.19,87.63,84.11
Loja D,2025-08-21,77.32,132.79,14.9,6.9
Loja D,2025-08-22,45.67,82.57,41.7,157.57
Loja D,2025-08-23,106.37,80.85,4.16,7.64
Loja D,2025-08-24,58.65,8.44,1.12,92.25
Loja D,2025-08-25,203.29,22.63,139.07,4.51
Loja D,2025-08-26,37.4,108.93,160.55,1.17
Loja D,2025-08-27,13.79,8.42,234.25,38.81
Loja D,2025-08-28,55.4,8.38,97.2,109.28
Loja D,2025-08-29,57.78,11.61,135.88,19.73
Loja D,2025-08-30,28.17,34.39,58.86,221.57
Loja D,2025-08-31,130.39,84.46,17.44,15.87
Loja D,2025-09-01,52.89,98.92,105.42,19.42
Loja D,2025-09-02,8.05,37.02,190.95,60.13
Loja D,2025-09-03,69.27,70.21,25.44,115.09
Loja D,2025-09-04,66.01,145.73,29.33,7.71
Loja D,2025-09-05,79.11,97.37,5.12,130.72
Loja D,2025-09-06,126.7,45.84,58.9,89.56
Loja D,2025-09-07,302.33,4.46,34.96,47.5
Loja D,2025-09-08,60.78,25.02,34.01,63.9
Loja D,2025-09-09,57.34,190.03,80.3,65.11
Loja D,2025-09-10,18.62,154.06,67.97,0.94
Loja D,2025-09-11,203.72,96.41,10.43,5.13
Loja D,2025-09-12,42.15,111.96,109.66,36.92
Loja D,2025-09-13,97.39,39.31,8.57,120.12
Loja D,2025-09-14,38.66,71.02,265.66,14.04
Loja D,2025-09-15,0.25,10.28,79.87,157.8
Loja D,2025-09-16,131.48,103.3,66.08,56.12
Loja D,2025-09-17,38.86,77.85,15.11,121.46
Loja D,2025-09-18,43.48,15.92,35.31,167.09
Loja D,2025-09-19,4.02,43.19,115.45,197.44
Loja D,2025-09-20,11.59,130.14,49.97,101.95
Loja D,2025-09-21,34.52,152.59,41.06,25.18
Loja D,2025-09-22,120.33,4.8,141.96,30.42
Loja D,2025-09-23,206.78,32.67,59.67,0.3
Loja D,2025-09-24,49.49,96.41,110.09,12.4
Loja D,2025-09-25,93.57,93.6,18.86,100.86
Loja D,2025-09-26,80.04,17.36,27.56,157.74
Loja D,2025-09-27,2.1,58.45,88.82,93.42
Loja D,2025-09-28,49.42,50.9,2.39,30.0
Loja D,2025-09-29,169.49,10.96,1.34,186.94
Loja D,2025-09-30,32.66,13.93,73.93,38.14
Loja D,2025-10-01,104.88,80.84,20.03,42.88
Loja D,2025-10-02,48.1,72.55,67.39,7.23
Loja D,2025-10-03,26.38,30.61,169.1,164.95
Loja D,2025-10-04,41.22,52.41,105.74,22.6
Loja D,2025-10-05,4.42,56.59,210.43,134.23
Loja D,2025-10-06,51.83,7.6,114.99,204.15
Loja D,2025-10-07,86.78,43.93,10.45,191.78
Loja D,2025-10-08,17.72,13.94,92.89,218.13
Loja D,2025-10-09,68.24,61.99,24.33,1.3
Loja D,2025-10-10,26.92,110.99,20.74,272.1
Loja D,2025-10-11,13.27,47.02,45.69,58.99
Loja D,2025-10-12,41.38,215.69,61.29,125.64
Loja D,2025-10-13,57.81,7.13,55.77,45.78
Loja D,2025-10-14,163.15,151.66,11.67,6.07
Loja D,2025-10-15,26.61,328.87,1.66,85.2
Loja D,2025-10-16,148.75,164.97,39.06,40.78
Loja D,2025-10-17,170.82,30.56,23.52,28.06
Loja D,2025-10-18,120.09,71.56,49.06,53.56
Loja D,2025-10-19,46.77,106.75,45.7,241.11
Loja D,2025-10-20,6.36,142.23,4.52,137.99
Loja D,2025-10-21,70.25,44.77,95.44,5.88
Loja D,2025-10-22,61.72,92.46,89.35,118.47
Loja D,2025-10-23,134.33,4.48,75.49,44.33
Loja D,2025-10-24,39.05,176.25,30.51,23.21
Loja D,2025-10-25,37.98,127.1,6.18,265.72
Loja D,2025-10-26,19.39,13.49,130.83,98.4
Loja D,2025-10-27,69.66,1.27,93.63,27.73
Loja D,2025-10-28,37.29,13.11,56.23,103.54
Loja D,2025-10-29,27.95,244.83,18.99,6.01
Loja D,2025-10-30,27.47,50.29,81.33,38.73
Loja D,2025-10-31,5.45,93.0,61.62,4.36
Loja D,2025-11-01,38.5,38.15,27.49,195.4
Loja D,2025-11-02,9.97,160.11,37.29,121.59
Loja D,2025-11-03,50.16,9.39,16.57,99.82
Loja D,2025-11-04,86.58,51.37,15.16,33.46
Loja D,2025-11-05,94.83,109.51,17.88,69.16
Loja D,2025-11-06,17.63,4.15,140.49,44.87
Loja D,2025-11-07,6.14,97.81,51.5,118.91
Loja D,2025-11-08,101.27,121.52,34.1,28.37
Loja D,2025-11-09,99.79,24.26,183.58,80.41
Loja D,2025-11-10,16.26,61.97,183.2,5.41
Loja D,2025-11-11,11.71,187.85,11.74,4.06
Loja D,2025-11-12,49.53,72.82,97.6,81.99
Loja D,2025-11-13,80.23,48.05,135.36,21.24
Loja D,2025-11-14,4.03,142.22,0.19,68.37
Loja D,2025-11-15,2.3,103.49,200.86,35.63
Loja D,2025-11-16,46.36,43.14,113.8,31.51
Loja D,2025-11-17,89.54,36.81,31.27,49.56
Loja D,2025-11-18,47.32,9.26,74.42,129.78
Loja D,2025-11-19,56.53,34.52,248.04,35.19
Loja D,2025-11-20,6.56,150.42,42.7,29.37
Loja D,2025-11-21,144.33,12.47,84.44,7.09
Loja D,2025-11-22,90.07,36.74,4.31,69.71
Loja D,2025-11-23,146.51,11.71,85.1,38.75
Loja D,2025-11-24,128.99,115.15,2.48,18.12
Loja D,2025-11-25,46.28,197.08,30.42,72.03
Loja D,2025-11-26,0.93,95.27,70.89,96.41
Loja D,2025-11-27,109.01,7.35,14.07,253.62
Loja D,2025-11-28,16.53,124.04,125.6,111.74
Loja D,2025-11-29,37.82,35.5,160.86,30.21
Loja D,2025-11-30,113.59,71.12,51.25,37.43
Loja D,2025-12-01,124.01,29.84,34.65,125.38
Loja D,2025-12-02,56.34,168.15,5.97,99.56
Loja D,2025-12-03,19.91,81.03,94.29,15.43
Loja D,2025-12-04,70.46,173.55,13.98,188.83
Loja D,2025-12-05,8.27,173.74,22.85,60.56
Loja D,2025-12-06,21.61,54.47,89.75,115.8
Loja D,2025-12-07,0.0,154.82,0.54,104.8
Loja D,2025-12-08,36.05,42.06,13.24,52.99
Loja D,2025-12-09,135.25,31.49,47.74,12.15
Loja D,2025-12-10,14.82,3.0,53.82,245.99
Loja D,2025-12-11,93.44,103.16,34.77,210.6
Loja D,2025-12-12,42.32,114.0,136.71,88.81
Loja D,2025-12-13,16.91,37.19,15.19,122.06
Loja D,2025-12-14,62.95,29.41,145.7,34.26
Loja D,2025-12-15,33.3,8.39,65.62,164.65
Loja D,2025-12-16,102.6,47.23,25.45,53.49
Loja D,2025-12-17,178.48,65.92,80.38,141.85
Loja D,2025-12-18,168.89,126.34,1.83,10.72
Loja D,2025-12-19,109.84,102.9,28.23,50.32
Loja D,2025-12-20,138.57,142.24,89.63,13.79
Loja D,2025-12-21,86.1,7.0,147.43,10.61
Loja D,2025-12-22,93.19,80.88,128.76,68.84
Loja D,2025-12-23,7.52,149.91,59.19,47.3
Loja D,2025-12-24,149.83,27.93,38.81,23.38
Loja D,2025-12-25,38.74,36.76,28.22,160.64
Loja D,2025-12-26,39.57,78.7,102.7,30.31
Loja D,2025-12-27,32.66,185.98,1.75,21.83
Loja D,2025-12-28,85.52,0.19,294.56,43.3
Loja D,2025-12-29,17.7,101.97,19.35,63.67
Loja D,2025-12-30,120.0,109.51,106.06,6.46
Loja D,2025-12-31,22.63,99.63,9.96,188.72
